Virus,Drug1,Drug1 PubChem_CID,Drug2,Drug2 PubChem_CID,Stage_combi,Cells/animal model,Tissue/organ,Reference,Drug1 Target,Drug1 Drug_Bank_ID,Drug1 Mode_of_action,Drug1 InChI_Key,Drug2 Target,Drug2 Drug_Bank_ID,Drug2 Mode_of_action,Drug2 InChI_Key
EBOV,Tamoxifen,2733526.0,Digitoxin,,In vitro,HEK293T;HeLa;THP-3,-,PMID: 31806372,Human (multiple),DB00675,Estrogen receptor antagonist,NKANXQFJJICGDU-QPLCGJKRSA-N,,,,
CMV,Ganciclovir,3454.0,Letermovir,,In vitro,NHDF;MT-4,Dermal Fibroblasts (Human);T cells (Human),PMID: 25779572,Viral DNA pol;Viral RT,DB01004,Viral RNA polymerase inhibitor,IRSCQMHQWWYFCW-UHFFFAOYSA-N,,,,
CMV,Ganciclovir,3454.0,Mizoribine,,In vitro,-,-,PMID: 20194528,Viral DNA pol;Viral RT,DB01004,Viral RNA polymerase inhibitor,IRSCQMHQWWYFCW-UHFFFAOYSA-N,,,,
JEV,Mycophenolic acid,446541.0,(MIBT) derivative (SCH16),,In vitro,PS cells,Kidney (Porcine),PMID: 22738253,Human IMPDH,DB01024,Inosine monophosphate dehydrogenase inhibitor,HPNSFSBZBAHARI-RUDMXATFSA-N,,,,
FLUAV,Ribavirin,37542.0,Rimantadine,5071.0,In vitro,MDCK cells,Kidney (Dog),PMID: 7447417,Viral RNA pol,DB00811,Nucleoside inhibitor;Guanosine (ribonucleic) analog,IWUCXVSUMQZMFG-AFCXAGJDSA-N,Unknown;Viral ion channel,DB00478,Unknown,UBCHPRBFMUDMNC-UHFFFAOYSA-N
HCV,Simeprevir,24873435.0,Sofosbuvir,45375808.0,4,Human,-,NCT03069001,Viral protease,DB06290,Recovers host IFN signaling,JTZZSQYMACOLNN-VDWJNHBNSA-N,Viral RNA pol,DB08934,Nucleotide analog inhibitor of HCV NS5B RNA-dependent RNA polymerase,TTZHDVOVKQGIBA-IQWMDFIBSA-N
FLUAV,Caffeine,2519.0,Lovastatin,53232.0,In vivo,Mouse,-,PMID: 19616097,Viral DNA pol;Viral RNA pol,DB00201,Adenosine-receptor antagonist,RYYVLZVUVIJVGH-UHFFFAOYSA-N,Human  HMGCR,DB00227,HMG-CoA reductase inhibitor,PCZOHLXUXFIOCF-BXMDZJJMSA-N
FLUAV,Oseltamivir,65028.0,Refametinib,,In vitro,-,-,PMID: 23523553,Unknown;Viral neuraminidase,DB00198,Viral neuraminidase inhibitor,VSZGPKBBMSAYNT-RRFJBIMHSA-N,,,,
HCV,sofosbuvir,45375808.0,Ledipasvir,,2,Human,,PMID: 27348483,Viral RNA pol,DB08934,Nucleotide analog inhibitor of HCV NS5B RNA-dependent RNA polymerase,TTZHDVOVKQGIBA-IQWMDFIBSA-N,,,,
HIV-1,Zidovudine,35370.0,HBY 097,,2,Human,-,PMID: 9952383;NCT00002357,Viral DNA pol;Viral RNA pol;Viral RT,DB00495,Inhibition of viral reverse transcriptase,HBOMLICNUCNMMY-XLPZGREQSA-N,,,,
HIV-1,Amprenavir,65016.0,Efavirenz,64139.0,,Human,,PMID: 10671334,Viral protease,DB00701,Protease inhibitor,YMARZQAQMVYCKC-OEMFJLHTSA-N,Viral RNA pol;Viral RT,DB00625,Inhibition of viral reverse transcriptase,XPOQHMRABVBWPR-ZDUSSCGKSA-N
CMV,Acyclovir,2022.0,Letermovir,,In vitro,NHDF;MT-7,Dermal Fibroblasts (Human);T cells (Human),PMID: 25779572,Viral DNA pol,DB00787,Viral DNA polymerase inhibitor,MKUXAQIIEYXACX-UHFFFAOYSA-N,,,,
HIV-1,Lamivudine,60825.0,Dolutegravir,,2,Human,-,PMID: 30668695;NCT02582684,Viral RT,DB00709,Reverse transcriptase inhibitor and zalcitabine analog,JTEGQNOMFQHVDC-NKWVEPMBSA-N,,,,
HSV-1,Foscarnet,3415.0,MMUdR,,In vitro,RK-14,Kidney (Rabbit),PMID: 2984988,Viral DNA pol;Viral RNA pol;Viral RT,DB00529,Pyrophosphate analog DNA polymerase inhibitor,ZJAOAACCNHFJAH-UHFFFAOYSA-N,,,,
VZV,Acyclovir,2022.0,Vidarabine,21704.0,In vitro,MRC-5;WI-38,Human,PMID: 6285733,Viral DNA pol,DB00787,Viral DNA polymerase inhibitor,MKUXAQIIEYXACX-UHFFFAOYSA-N,Viral DNA pol;Viral RNA pol,DB00194,Viral DNA synthesis inhibitor,OIRDTQYFTABQOQ-UHTZMRCNSA-N
HIV-1,Didanosine,135398739.0,Ribavirin,37542.0,1,Human,-,NCT00000833,Viral DNA pol;Viral RT,DB00900,Viral DNA chain termination,BXZVVICBKDXVGW-NKWVEPMBSA-N,Viral RNA pol,DB00811,Nucleoside inhibitor;Guanosine (ribonucleic) analog,IWUCXVSUMQZMFG-AFCXAGJDSA-N
SARS-CoV-2,Remdesivir,121304016.0,Umifenovir,,In vitro,Vero-E6 cells,Kidney (African Green Monkey),PMID: 32637956;https://doi.org/10.1101/2020.06.29.178889,Viral RNA pol,DB14761,Viral RNA polymerase inhibitor,RWWYLEGWBNMMLJ-YSOARWBDSA-N,,,,
RVFV,Favipiravir,492405.0,Ribavirin,37542.0,In vivo,Hamster,-,PMID: 24486952,Viral RNA pol,DB12466,Viral RNA polymerase inhibitor,ZCGNOVWYSGBHAU-UHFFFAOYSA-N,Viral RNA pol,DB00811,Nucleoside inhibitor;Guanosine (ribonucleic) analog,IWUCXVSUMQZMFG-AFCXAGJDSA-N
CMV,Ganciclovir,3454.0,Maribavir,,In vitro,HFF cells,Foreskin fibroblasts (Human),PMID: 12323400,Viral DNA pol;Viral RT,DB01004,Viral RNA polymerase inhibitor,IRSCQMHQWWYFCW-UHFFFAOYSA-N,,,,
HIV-1,Didanosine,135398739.0,Zidovudine,35370.0,3,Human,-,NCT00001022,Viral DNA pol;Viral RT,DB00900,Viral DNA chain termination,BXZVVICBKDXVGW-NKWVEPMBSA-N,Viral DNA pol;Viral RNA pol;Viral RT,DB00495,Inhibition of viral reverse transcriptase,HBOMLICNUCNMMY-XLPZGREQSA-N
HIV-1,Azacitidine,9444.0,Gemcitabine,60750.0,In vitro,HEK-293T,Kidney (Human),PMID: 27117260,Viral DNA pol;Viral RNA pol;Viral RT,DB00928,Nucleoside analog DNA methyl transferase inhibitor,NMUSYJAQQFHJEW-KVTDHHQDSA-N,Viral DNA pol;Viral RNA pol;Viral RT,DB00441,Antimetabolite;Nucleoside analog,SDUQYLNIPVEERB-QPPQHZFASA-N
EV71,Favipiravir,492405.0,Rupintrivir,6440352.0,In vitro,RD;Vero cells,Rhabdomyosarcoma (Human) and Kidney (African Green Monkey),PMID: 27353263,Viral RNA pol,DB12466,Viral RNA polymerase inhibitor,ZCGNOVWYSGBHAU-UHFFFAOYSA-N,Viral protease,DB05102,Prevents viral replication,CAYJBRBGZBCZKO-BHGBQCOSSA-N
HSV-1,Acyclovir,2022.0,Brincidofovir,483477.0,In vivo,Mouse,-,PMID: 21788472,Viral DNA pol,DB00787,Viral DNA polymerase inhibitor,MKUXAQIIEYXACX-UHFFFAOYSA-N,Viral DNA pol;Viral RNA pol,DB12151,Viral DNA polymerase inhibitor,CRDDLOITBKEPRN-UQIIZPHYSA-M
HBV,lamivudine,60825.0,Penciclovir,135398748.0,In vitro,42037,Hepatoblastoma (Human),PMID: 8721544,Viral RT,DB00709,Reverse transcriptase inhibitor and zalcitabine analog,JTEGQNOMFQHVDC-NKWVEPMBSA-N,Viral DNA pol,DB00299,Inhibits viral DNA synthesis,JNTOCHDNEULJHD-UHFFFAOYSA-N
HIV-1,Amprenavir,65016.0,Ritonavir,392622.0,,Human,,PMID: 15728914,Viral protease,DB00701,Protease inhibitor,YMARZQAQMVYCKC-OEMFJLHTSA-N,Unknown;Viral protease,DB00503,HIV protease inhibitor,NCDNCNXCDXHOMX-XGKFQTDJSA-N
FLUAV,Rimantadine,5071.0,Umifenovir,,In vitro,-,-,PMID: 16206613,Unknown;Viral ion channel,DB00478,Unknown,UBCHPRBFMUDMNC-UHFFFAOYSA-N,,,,
VZV,Vidarabine,21704.0,Amenamevir,,In vitro,-,-,PMID: 23261844,Viral DNA pol;Viral RNA pol,DB00194,Viral DNA synthesis inhibitor,OIRDTQYFTABQOQ-UHTZMRCNSA-N,,,,
SARS-CoV-2,Artesunate,6917864.0,mefloquine,40692.0,In vitro,Vero E6 cells,,PMID: 32805422,Unknown,DB09274,Unclear,FIHJKUPKCHIPAT-AHIGJZGOSA-N,Human (multiple),DB00358,,XEEQGYMUWCZPDN-UHFFFAOYSA-N
EBV,Acyclovir,2022.0,Zidovudine,35370.0,2,Human,-,NCT00000712,Viral DNA pol,DB00787,Viral DNA polymerase inhibitor,MKUXAQIIEYXACX-UHFFFAOYSA-N,Viral DNA pol;Viral RNA pol;Viral RT,DB00495,Inhibition of viral reverse transcriptase,HBOMLICNUCNMMY-XLPZGREQSA-N
FLUBV,Oseltamivir,65028.0,Ribavirin,37542.0,,Mouse,,PMID: 17066897,Unknown;Viral neuraminidase,DB00198,Viral neuraminidase inhibitor,VSZGPKBBMSAYNT-RRFJBIMHSA-N,Viral RNA pol,DB00811,Nucleoside inhibitor;Guanosine (ribonucleic) analog,IWUCXVSUMQZMFG-AFCXAGJDSA-N
SARS-CoV-2,Sirolimus,5284616.0,Dactinomycin,,In vitro,In-silico,-,PMID: 32194980,Human PTK,DB00877,IL-2-dependent T-cell proliferation inhibitor,QFJCIRLUMZQUOT-HPLJOQBZSA-N,,,,
PV,Rupintrivir,6440352.0,BTA798,,In vitro,-,-,PMID: 21466823,Viral protease,DB05102,Prevents viral replication,CAYJBRBGZBCZKO-BHGBQCOSSA-N,,,,
HIV-1,Nelfinavir,64143.0,Saquinavir,441243.0,2,Human,-,PMID: 11907486;NCT00000913,Unknown;Viral protease,DB00220,HIV protease inhibitor,QAGYKUNXZHXKMR-HKWSIXNMSA-N,Unknown;Viral protease,DB01232,Protease inhibitor,QWAXKHKRTORLEM-UGJKXSETSA-N
YFV,Sofosbuvir,45375808.0,Ledipasvir,,In vitro,Vero;Huh-7 cells,Kidney (African Green Monkey);Hepatocyte Carcinoma (Human),PMID: 31594756,Viral RNA pol,DB08934,Nucleotide analog inhibitor of HCV NS5B RNA-dependent RNA polymerase,TTZHDVOVKQGIBA-IQWMDFIBSA-N,,,,
JUNV,Favipiravir,492405.0,Ribavirin,37542.0,In vivo,Guinea Pig,-,PMID: 26711718,Viral RNA pol,DB12466,Viral RNA polymerase inhibitor,ZCGNOVWYSGBHAU-UHFFFAOYSA-N,Viral RNA pol,DB00811,Nucleoside inhibitor;Guanosine (ribonucleic) analog,IWUCXVSUMQZMFG-AFCXAGJDSA-N
SARS-CoV-2,Darunavir,213039.0,Cobicistat,,3,Human,-,PMID: 32671131;NCT04252274,Viral protease,DB01264,HIV protease inhibitor,CJBJHOAVZSMMDJ-HEXNFIEUSA-N,,,,
SARS-CoV-2,Amodiaquine,2165.0,Lopinavir,92727.0,In vitro,Vero-E6 cells,Kidney (African Green Monkey),PMID: 32637956;https://doi.org/10.1101/2020.06.29.178889,Human HNMT,DB00613,Methyltransferase inhibitor,OVCDSSHSILBFBN-UHFFFAOYSA-N,Unknown;Viral protease,DB01601,HIV protease inhibitor,KJHKTHWMRKYKJE-SUGCFTRWSA-N
NoV,Favipiravir,492405.0,Rupintrivir,6440352.0,In vitro,HG23 cells,Hepatic (Human),PMID: 24890597,Viral RNA pol,DB12466,Viral RNA polymerase inhibitor,ZCGNOVWYSGBHAU-UHFFFAOYSA-N,Viral protease,DB05102,Prevents viral replication,CAYJBRBGZBCZKO-BHGBQCOSSA-N
EV71,Rupintrivir,6440352.0,Suramin,5361.0,In vitro,RD;Vero cells,Rhabdomyosarcoma (Human) and Kidney (African Green Monkey),PMID: 27353263,Viral protease,DB05102,Prevents viral replication,CAYJBRBGZBCZKO-BHGBQCOSSA-N,Human (multiple);Viral protease,DB04786,Unclear,FIAFUQMPZJWCLV-UHFFFAOYSA-N
NoV,Cyclosporine,5284373.0,Mycophenolic acid,446541.0,In vitro,HG23;RAW 264.7;293T cells,-,PMID: 28807916,Human CYPs,DB00091,Calcineurin inhibitor;allows for inhibition of T cell activation,PMATZTZNYRCHOR-CGLBZJNRSA-N,Human IMPDH,DB01024,Inosine monophosphate dehydrogenase inhibitor,HPNSFSBZBAHARI-RUDMXATFSA-N
HIV-1,Amprenavir,65016.0,Efavirenz,64139.0,,Human,,PMID: 10671334,Viral protease,DB00701,Protease inhibitor,YMARZQAQMVYCKC-OEMFJLHTSA-N,Viral RNA pol;Viral RT,DB00625,Inhibition of viral reverse transcriptase,XPOQHMRABVBWPR-ZDUSSCGKSA-N
PV,Ribavirin,37542.0,Enviroxime,,In vitro,-,-,PMID: 21466823,Viral RNA pol,DB00811,Nucleoside inhibitor;Guanosine (ribonucleic) analog,IWUCXVSUMQZMFG-AFCXAGJDSA-N,,,,
EV71,Itraconazole,55283.0,Rupintrivir,6440352.0,In vitro,RD;Vero cells,Rhabdomyosarcoma (Human) and Kidney (African Green Monkey),PMID: 27353263,Unknown,DB01167,antifungal;hedgehog signaling inhibitor,VHVPQPYKVGDNFY-ZPGVKDDISA-N,Viral protease,DB05102,Prevents viral replication,CAYJBRBGZBCZKO-BHGBQCOSSA-N
HBV,Lamivudine,60825.0,Oxymatrine,,4,Human,-,NCT02202473,Viral RT,DB00709,Reverse transcriptase inhibitor and zalcitabine analog,JTEGQNOMFQHVDC-NKWVEPMBSA-N,,,,
FLUAV,Oseltamivir,65028.0,Zanamivir,60855.0,In vitro,MDCK cells,Kidney (Dog),PMID: 29079337,Unknown;Viral neuraminidase,DB00198,Viral neuraminidase inhibitor,VSZGPKBBMSAYNT-RRFJBIMHSA-N,Unknown;Viral neuraminidase,DB00558,Neuraminidase inhibitor,ARAIBEBZBOPLMB-UFGQHTETSA-N
CMV,Ganciclovir,3454.0,Zidovudine,35370.0,In vitro,-,-,PMID: 1337893,Viral DNA pol;Viral RT,DB01004,Viral RNA polymerase inhibitor,IRSCQMHQWWYFCW-UHFFFAOYSA-N,Viral DNA pol;Viral RNA pol;Viral RT,DB00495,Inhibition of viral reverse transcriptase,HBOMLICNUCNMMY-XLPZGREQSA-N
CMV,Foscarnet,3415.0,Letermovir,,In vitro,NHDF;MT-5,Dermal Fibroblasts (Human);T cells (Human),PMID: 25779572,Viral DNA pol;Viral RNA pol;Viral RT,DB00529,Pyrophosphate analog DNA polymerase inhibitor,ZJAOAACCNHFJAH-UHFFFAOYSA-N,,,,
HBV,Adefovir,60172.0,Emtricitabine,60877.0,In vitro,HepG2 49-29,Liver (Human),PMID: 15388423,Viral RT,DB13868,Inhibits viral DNA synthesis,SUPKOOSCJHTBAH-UHFFFAOYSA-N,Viral RT,DB00879,viral nucleoside reverse transcritase inhibitor,XQSPYNMVSIKCOC-NTSWFWBYSA-N
SINV,Rimantadine,5071.0,Ribovirin,,In vitro,-,-,PMID: 7434742,Unknown;Viral ion channel,DB00478,Unknown,UBCHPRBFMUDMNC-UHFFFAOYSA-N,,,,
FLUAV,Oseltamivir,65028.0,Beraprost,,In vivo,-,-,PMID: 23905913,Unknown;Viral neuraminidase,DB00198,Viral neuraminidase inhibitor,VSZGPKBBMSAYNT-RRFJBIMHSA-N,,,,
HIV-1,Zidovudine,35370.0,Timunox,,3,Human,-,NCT00002109,Viral DNA pol;Viral RNA pol;Viral RT,DB00495,Inhibition of viral reverse transcriptase,HBOMLICNUCNMMY-XLPZGREQSA-N,,,,
HIV-1,Indinavir,5362440.0,Nelfinavir,64143.0,,Human,-,NCT00002375,Viral protease,DB00224,Protease inhibitor,CBVCZFGXHXORBI-PXQQMZJSSA-N,Unknown;Viral protease,DB00220,HIV protease inhibitor,QAGYKUNXZHXKMR-HKWSIXNMSA-N
SARS-CoV-2,hydroxychloroquine,3652.0,remdesivir,121304016.0,In vitro,Vero E6 cells,,PMID: 33333292,Human (multiple),DB01611,Unclear,XXSMGPRMXLTPCZ-UHFFFAOYSA-N,Viral RNA pol,DB14761,Viral RNA polymerase inhibitor,RWWYLEGWBNMMLJ-YSOARWBDSA-N
HBV,Adefovir,60172.0,Lamivudine,60825.0,4,Human,-,PMID: 23650172;NCT01023217,Viral RT,DB13868,Inhibits viral DNA synthesis,SUPKOOSCJHTBAH-UHFFFAOYSA-N,Viral RT,DB00709,Reverse transcriptase inhibitor and zalcitabine analog,JTEGQNOMFQHVDC-NKWVEPMBSA-N
HSV-2,Brivudine,446727.0,Foscarnet,3415.0,In vitro,Vero cells,Kidney (African Green Monkey),PMID: 6285731,Viral DNA pol,DB03312,Inhibits viral DNA synthesis,ODZBBRURCPAEIQ-PIXDULNESA-N,Viral DNA pol;Viral RNA pol;Viral RT,DB00529,Pyrophosphate analog DNA polymerase inhibitor,ZJAOAACCNHFJAH-UHFFFAOYSA-N
FLUAV,Amantadine,2130.0,Diphyllin,,In vitro,MDCK cells,Kidney (Dog),PMID: 23820269,Viral proton channel,DB00915,Viral DNA chain termination,DKNWSYNQZKUICI-UHFFFAOYSA-N,,,,
FLUBV,Favipiravir,492405.0,Oseltamivir,65028.0,2,Human,-,NCT03394209,Viral RNA pol,DB12466,Viral RNA polymerase inhibitor,ZCGNOVWYSGBHAU-UHFFFAOYSA-N,Unknown;Viral neuraminidase,DB00198,Viral neuraminidase inhibitor,VSZGPKBBMSAYNT-RRFJBIMHSA-N
MERS-CoV,Lopinavir,92727.0,Ritonavir,392622.0,In vivo,Marmoset,-,PMID: 26198719,Unknown;Viral protease,DB01601,HIV protease inhibitor,KJHKTHWMRKYKJE-SUGCFTRWSA-N,Unknown;Viral protease,DB00503,HIV protease inhibitor,NCDNCNXCDXHOMX-XGKFQTDJSA-N
HIV-1,Atazanavir,148192.0,Ritonavir,392622.0,3,Human,-,NCT00272779,Viral protease,DB01072,Protease inhibitor,AXRYRYVKAWYZBR-GASGPIRDSA-N,Unknown;Viral protease,DB00503,HIV protease inhibitor,NCDNCNXCDXHOMX-XGKFQTDJSA-N
HIV-1,ritonavir,392622.0,Tipranavir,54682461.0,3,Human,-,NCT00440271,Unknown;Viral protease,DB00503,HIV protease inhibitor,NCDNCNXCDXHOMX-XGKFQTDJSA-N,Viral protease,DB00932,Protease inhibitor,SUJUHGSWHZTSEU-FYBSXPHGSA-N
SARS-CoV-2,Ritonavir,392622.0,ASC09,,,Human,-,NCT04261907,Unknown;Viral protease,DB00503,HIV protease inhibitor,NCDNCNXCDXHOMX-XGKFQTDJSA-N,,,,
BKV,Leflunomide,3899.0,Everolimus,,,Human,-,PMID: 28247521,Human DHODH,DB01097,Pyrimidine synthesis inhibitor,VHOGYURTWQBHIL-UHFFFAOYSA-N,,,,
HIV-1,Azacitidine,9444.0,Resveratrol,445154.0,In vitro,HEK-293T,Kidney (Human),PMID: 27117260,Viral DNA pol;Viral RNA pol;Viral RT,DB00928,Nucleoside analog DNA methyl transferase inhibitor,NMUSYJAQQFHJEW-KVTDHHQDSA-N,Human multiple;Viral transcriptional regulator,DB02709,Multiple,LUKBXSAWLPMMSZ-OWOJBTEDSA-N
HSV-1,Artesunate,6917864.0,Valacyclovir,135398742.0,In vivo,Mouse,-,PMID: 26374952,Unknown,DB09274,Unclear,FIHJKUPKCHIPAT-AHIGJZGOSA-N,Viral DNA pol;Viral RNA pol;Viral RT,DB00577,Inhibits viral DNA synthesis,HDOVUKNUBWVHOX-QMMMGPOBSA-N
HCV,Sofosbuvir,45375808.0,Velpatasvir,,3,Human,-,PMID: 26571066;NCT02201940,Viral RNA pol,DB08934,Nucleotide analog inhibitor of HCV NS5B RNA-dependent RNA polymerase,TTZHDVOVKQGIBA-IQWMDFIBSA-N,,,,
HSV-1,Cidofovir,60613.0,2-Phenylamino-6-oxo-9-(4-hydroxybutyl)purine (HBPG),,In vivo,Mouse,-,PMID: 20054446,Viral DNA pol;Viral RNA pol,DB00369,Viral DNA polymerase inhibitor,FPKARFMSZDBYQF-ILKKLZGPSA-N,,,,
EBOV,Fluvastatin,1548972.0,Tamoxifen,2733526.0,In vitro,HEK293T;HeLa;THP-6,-,PMID: 31806372,Human  HMGCR,DB01095,Hydroxymethylglutaryl-coenzyme A (HMG-CoA) reductase inhibitor,FJLGEFLZQAZZCD-JUFISIKESA-N,Human (multiple),DB00675,Estrogen receptor antagonist,NKANXQFJJICGDU-QPLCGJKRSA-N
KSHV,Valganciclovir,135413535.0,Zidovudine,35370.0,2,Human,-,PMID: 21487108,Viral DNA pol,DB01610,Destabilization of DNA,WPVFJKSGQUFQAP-GKAPJAKFSA-N,Viral DNA pol;Viral RNA pol;Viral RT,DB00495,Inhibition of viral reverse transcriptase,HBOMLICNUCNMMY-XLPZGREQSA-N
SARS-CoV,Camostat,2536.0,(23;25)trans-epoxysuccinyl-l-leucylamindo-3-methylbutane ethyl ester (EST),,In vitro,Calu-3,Bronchial epithelial (Human),PMID: 22496216,Human protease,DB13729,0,XASIMHXSUQUHLV-UHFFFAOYSA-N,,,,
HIV-1,Stavudine,18283.0,Timunox,,3,Human,-,NCT00002109,Viral DNA pol;Viral RT,DB00649,Inhibition of viral reverse transcriptase,XNKLLVCARDGLGL-JGVFFNPUSA-N,,,,
HEV,Ribavirin,37542.0,Sofosbuvir,45375808.0,In vitro,-,-,PMID: 26408347,Viral RNA pol,DB00811,Nucleoside inhibitor;Guanosine (ribonucleic) analog,IWUCXVSUMQZMFG-AFCXAGJDSA-N,Viral RNA pol,DB08934,Nucleotide analog inhibitor of HCV NS5B RNA-dependent RNA polymerase,TTZHDVOVKQGIBA-IQWMDFIBSA-N
HIV-1,Ganciclovir,3454.0,Zidovudine,35370.0,,Human,-,NCT00000995,Viral DNA pol;Viral RT,DB01004,Viral RNA polymerase inhibitor,IRSCQMHQWWYFCW-UHFFFAOYSA-N,Viral DNA pol;Viral RNA pol;Viral RT,DB00495,Inhibition of viral reverse transcriptase,HBOMLICNUCNMMY-XLPZGREQSA-N
FLUAV,Nitazoxanide,41684.0,Zanamivir,60855.0,In vitro,MDCK cells,Kidney (Dog),PMID: 25451059,Human pyruvate synthase,DB00507,Pyruvate inhibitor,YQNQNVDNTFHQSW-UHFFFAOYSA-N,Unknown;Viral neuraminidase,DB00558,Neuraminidase inhibitor,ARAIBEBZBOPLMB-UFGQHTETSA-N
HIV-1,Darunavir,213039.0,Ritonavir,392622.0,2,Human,-,NCT00355524,Viral protease,DB01264,HIV protease inhibitor,CJBJHOAVZSMMDJ-HEXNFIEUSA-N,Unknown;Viral protease,DB00503,HIV protease inhibitor,NCDNCNXCDXHOMX-XGKFQTDJSA-N
CMV,Acyclovir,2022.0,Zidovudine,35370.0,In vitro,-,-,PMID: 1337893,Viral DNA pol,DB00787,Viral DNA polymerase inhibitor,MKUXAQIIEYXACX-UHFFFAOYSA-N,Viral DNA pol;Viral RNA pol;Viral RT,DB00495,Inhibition of viral reverse transcriptase,HBOMLICNUCNMMY-XLPZGREQSA-N
HBV,Alisporivir,11513676.0,Telbivudine,159269.0,In vitro,-,-,PMID: 25305505,Human CYPs,DB12139,0,OLROWHGDTNFZBH-XEMWPYQTSA-N,Viral DNA pol;Viral RT,DB01265,Viral DNA chain termination,IQFYYKKMVGJFEH-CSMHCCOUSA-N
HSV-2,Vidarabine,21704.0,2'-fluoro-5-iodoaracytosine (FIAC),,In vivo,Mouse,-,PMID: 3777913,Viral DNA pol;Viral RNA pol,DB00194,Viral DNA synthesis inhibitor,OIRDTQYFTABQOQ-UHTZMRCNSA-N,,,,
YFV,Ribavirin,37542.0,Tiazofurin,,In vitro,Vero-76;Vero-E6;LLC-MK2 cells,Kidney (African Green Monkey),PMID: 6151377,Viral RNA pol,DB00811,Nucleoside inhibitor;Guanosine (ribonucleic) analog,IWUCXVSUMQZMFG-AFCXAGJDSA-N,,,,
SARS-CoV-2,Mefloquine,40692.0,Remdesivir,121304016.0,In vitro,Vero-E6 cells,Kidney (African Green Monkey),PMID: 32637956;https://doi.org/10.1101/2020.06.29.178889,Human (multiple),DB00358,,XEEQGYMUWCZPDN-UHFFFAOYSA-N,Viral RNA pol,DB14761,Viral RNA polymerase inhibitor,RWWYLEGWBNMMLJ-YSOARWBDSA-N
MERS-CoV,Mycophenolic acid,446541.0,Mercaptopurine,,In vitro,-,-,PMID: 25542975,Human IMPDH,DB01024,Inosine monophosphate dehydrogenase inhibitor,HPNSFSBZBAHARI-RUDMXATFSA-N,,,,
JEV,Ribavirin,37542.0,Selenazofurin,,In vitro,Vero-76;Vero-E6;LLC-MK2 cells,Kidney (African Green Monkey),PMID: 6151377,Viral RNA pol,DB00811,Nucleoside inhibitor;Guanosine (ribonucleic) analog,IWUCXVSUMQZMFG-AFCXAGJDSA-N,,,,
ZIKV,Niclosamide,4477.0,Emricasan,,In vitro,-,-,PMID: 27571349,Human (multiple),DB06803,Unknown,RJMUSRYZPJIFPJ-UHFFFAOYSA-N,,,,
CMV,Foscarnet,3415.0,Leflunomide,3899.0,,Human,-,PMID: 16688677,Viral DNA pol;Viral RNA pol;Viral RT,DB00529,Pyrophosphate analog DNA polymerase inhibitor,ZJAOAACCNHFJAH-UHFFFAOYSA-N,Human DHODH,DB01097,Pyrimidine synthesis inhibitor,VHOGYURTWQBHIL-UHFFFAOYSA-N
HSV-2,Acyclovir,2022.0,Brincidofovir,483477.0,In vivo,Mouse,-,PMID: 21788472,Viral DNA pol,DB00787,Viral DNA polymerase inhibitor,MKUXAQIIEYXACX-UHFFFAOYSA-N,Viral DNA pol;Viral RNA pol,DB12151,Viral DNA polymerase inhibitor,CRDDLOITBKEPRN-UQIIZPHYSA-M
CMV,Acyclovir,2022.0,Docosanol,12620.0,In vitro,-,-,PMID: 12367721,Viral DNA pol,DB00787,Viral DNA polymerase inhibitor,MKUXAQIIEYXACX-UHFFFAOYSA-N,Viral glycoprotein,DB00632,Inhibition of fusion,NOPFSRXAKWQILS-UHFFFAOYSA-N
FLUAV,Ribavirin,37542.0,Selenazofurin,,In vitro,MDCK cells,Kidney (Dog),PMID: 3729336,Viral RNA pol,DB00811,Nucleoside inhibitor;Guanosine (ribonucleic) analog,IWUCXVSUMQZMFG-AFCXAGJDSA-N,,,,
SARS-CoV-2,Lopinavir,92727.0,Umifenovir,,In vitro,Vero-E6 cells,Kidney (African Green Monkey),PMID: 32637956;https://doi.org/10.1101/2020.06.29.178889,Unknown;Viral protease,DB01601,HIV protease inhibitor,KJHKTHWMRKYKJE-SUGCFTRWSA-N,,,,
CMV,Acyclovir,2022.0,Trifluridine,6256.0,In vitro,HEL,Embryonic Lung Fibroblasts (Human),PMID: 6179416,Viral DNA pol,DB00787,Viral DNA polymerase inhibitor,MKUXAQIIEYXACX-UHFFFAOYSA-N,Viral DNA pol,DB00432,Antimetabolite;Nucleoside analog,VSQQQLOSPVPRAZ-RRKCRQDMSA-N
HIV-1,Emtricitabine,60877.0,disoproxil fumarate,,3,Human,,PMID: 32711800,Viral RT,DB00879,viral nucleoside reverse transcritase inhibitor,XQSPYNMVSIKCOC-NTSWFWBYSA-N,,,,
HCV,Sofosbuvir,45375808.0,Chlorcyclizine,,In vitro,Huh7.5.1;Con1b cells,-,PMID: 27035622,Viral RNA pol,DB08934,Nucleotide analog inhibitor of HCV NS5B RNA-dependent RNA polymerase,TTZHDVOVKQGIBA-IQWMDFIBSA-N,,,,
VACV,Cidofovir,60613.0,Idoxuridine,5905.0,In vitro,CEF,Embryonic fibroblasts (Chicken),PMID: 17042327,Viral DNA pol;Viral RNA pol,DB00369,Viral DNA polymerase inhibitor,FPKARFMSZDBYQF-ILKKLZGPSA-N,Viral DNA pol,DB00249,Inhibits viral DNA synthesis,XQFRJNBWHJMXHO-RRKCRQDMSA-N
HIV-1,Saquinavir,441243.0,Abacavir,,2,Human,-,NCT00002440,Unknown;Viral protease,DB01232,Protease inhibitor,QWAXKHKRTORLEM-UGJKXSETSA-N,,,,
SARS-CoV-2,Atazanavir,148192.0,Ritonavir,392622.0,In vitro,Vero cells;A549,,PMID: 32759267,Viral protease,DB01072,Protease inhibitor,AXRYRYVKAWYZBR-GASGPIRDSA-N,Unknown;Viral protease,DB00503,HIV protease inhibitor,NCDNCNXCDXHOMX-XGKFQTDJSA-N
HPV,Lopinavir,92727.0,Ritonavir,392622.0,,Human,-,ISRCTN Registry 48776874,Unknown;Viral protease,DB01601,HIV protease inhibitor,KJHKTHWMRKYKJE-SUGCFTRWSA-N,Unknown;Viral protease,DB00503,HIV protease inhibitor,NCDNCNXCDXHOMX-XGKFQTDJSA-N
HIV-1,Ritonavir,392622.0,Abacavir,,2,Human,-,NCT00002440,Unknown;Viral protease,DB00503,HIV protease inhibitor,NCDNCNXCDXHOMX-XGKFQTDJSA-N,,,,
JEV,Ribavirin,37542.0,(MIBT) derivative (SCH16),,In vitro,PS cells,Kidney (Porcine),PMID: 22738253,Viral RNA pol,DB00811,Nucleoside inhibitor;Guanosine (ribonucleic) analog,IWUCXVSUMQZMFG-AFCXAGJDSA-N,,,,
HCV,Ribavirin,37542.0,Silibinin,,3,Human,-,NCT01871662,Viral RNA pol,DB00811,Nucleoside inhibitor;Guanosine (ribonucleic) analog,IWUCXVSUMQZMFG-AFCXAGJDSA-N,,,,
HIV-1,Zidovudine,35370.0,Acemannan,,In vitro,-,-,PMID: 1662957,Viral DNA pol;Viral RNA pol;Viral RT,DB00495,Inhibition of viral reverse transcriptase,HBOMLICNUCNMMY-XLPZGREQSA-N,,,,
CVB3,Gemcitabine,60750.0,Ribavirin,37542.0,In vitro,Vero cells,Kidney (African Green Monkey),PMID: 26526589,Viral DNA pol;Viral RNA pol;Viral RT,DB00441,Antimetabolite;Nucleoside analog,SDUQYLNIPVEERB-QPPQHZFASA-N,Viral RNA pol,DB00811,Nucleoside inhibitor;Guanosine (ribonucleic) analog,IWUCXVSUMQZMFG-AFCXAGJDSA-N
HIV-1,Ritonavir,392622.0,Saquinavir,441243.0,2,Human,-,PMID: 17898705 ;NCT00000913,Unknown;Viral protease,DB00503,HIV protease inhibitor,NCDNCNXCDXHOMX-XGKFQTDJSA-N,Unknown;Viral protease,DB01232,Protease inhibitor,QWAXKHKRTORLEM-UGJKXSETSA-N
HCV,Alisporivir,11513676.0,Telaprevir,,In vitro,-,-,PMID: 24687498,Human CYPs,DB12139,0,OLROWHGDTNFZBH-XEMWPYQTSA-N,,,,
HIV-1,Rilpivirine,6451164.0,Dolutegravir,,3,Human,-,PMID: 31307948;NCT02422797,Viral RNA pol;Viral RT,DB08864,Inhibits viral DNA synthesis,YIBOMRUWOWDFLG-ONEGZZNKSA-N,,,,
FLUAV,Amantadine,2130.0,Oseltamivir,65028.0,In vitro,MDCK cells,Kidney (Dog),PMID: 19273672,Viral proton channel,DB00915,Viral DNA chain termination,DKNWSYNQZKUICI-UHFFFAOYSA-N,Unknown;Viral neuraminidase,DB00198,Viral neuraminidase inhibitor,VSZGPKBBMSAYNT-RRFJBIMHSA-N
HSV-2,Acyclovir,2022.0,Brivudine,446727.0,In vitro,Vero cells,Kidney (African Green Monkey),PMID: 6285731,Viral DNA pol,DB00787,Viral DNA polymerase inhibitor,MKUXAQIIEYXACX-UHFFFAOYSA-N,Viral DNA pol,DB03312,Inhibits viral DNA synthesis,ODZBBRURCPAEIQ-PIXDULNESA-N
LASV,Merimepodib,153241.0,Ribavirin,37542.0,In vitro,Vero-E6,Kidney (African Green Monkey),PMID: 29126899,Human IMPDH,DB04862,IMPDH inhibitor,JBPUGFODGPKTDW-SFHVURJKSA-N,Viral RNA pol,DB00811,Nucleoside inhibitor;Guanosine (ribonucleic) analog,IWUCXVSUMQZMFG-AFCXAGJDSA-N
HBV,Telbivudine,159269.0,Valtorcitabine,,2,Human,-,NCT00128544,Viral DNA pol;Viral RT,DB01265,Viral DNA chain termination,IQFYYKKMVGJFEH-CSMHCCOUSA-N,,,,
SARS-CoV,Alisporivir,11513676.0,Ribavirin,37542.0,In vivo,Mouse,,PMID: 27840112,Human CYPs,DB12139,0,OLROWHGDTNFZBH-XEMWPYQTSA-N,Viral RNA pol,DB00811,Nucleoside inhibitor;Guanosine (ribonucleic) analog,IWUCXVSUMQZMFG-AFCXAGJDSA-N
EV71,Teriflunomide,54684141.0,LiCl,,In vitro,Vero cells,Kidney (African Green Monkey),PMID: 25412347,Human DHODH,DB08880,,UTNUDOFZCWSZMS-YFHOEESVSA-N,,,,
FLUBV,Nitazoxanide,41684.0,Oseltamivir,65028.0,3,Human,-,NCT01610245,Human pyruvate synthase,DB00507,Pyruvate inhibitor,YQNQNVDNTFHQSW-UHFFFAOYSA-N,Unknown;Viral neuraminidase,DB00198,Viral neuraminidase inhibitor,VSZGPKBBMSAYNT-RRFJBIMHSA-N
EBOV,Bepridil,2351.0,Sertraline,,In vitro,Vero-E6;Huh-7;HEK293T/20,-,PMID: 33801811;PMID: 29939303,Human ion channel ,DB01244,Calcium / Potassium / Sodium channel antagonist,UIEATEWHFDRYRU-UHFFFAOYSA-N,,,,
CMV,Ganciclovir,3454.0,Ouabain,,In vitro,HFFs,Foreskin fibroblasts (Human),PMID: 24277030,Viral DNA pol;Viral RT,DB01004,Viral RNA polymerase inhibitor,IRSCQMHQWWYFCW-UHFFFAOYSA-N,,,,
NoV,Mycophenolic acid,446541.0,Tacrolimus,,In vitro,HG23;RAW 264.7;293T cells,-,PMID: 28807916,Human IMPDH,DB01024,Inosine monophosphate dehydrogenase inhibitor,HPNSFSBZBAHARI-RUDMXATFSA-N,,,,
CCHFV,Favipiravir,492405.0,Ribavirin,37542.0,In vivo,Mouse,-,PMID: 24786461,Viral RNA pol,DB12466,Viral RNA polymerase inhibitor,ZCGNOVWYSGBHAU-UHFFFAOYSA-N,Viral RNA pol,DB00811,Nucleoside inhibitor;Guanosine (ribonucleic) analog,IWUCXVSUMQZMFG-AFCXAGJDSA-N
HIV-1,Adefovir,60172.0,Zidovudine,35370.0,1,Human,-,NCT00002326,Viral RT,DB13868,Inhibits viral DNA synthesis,SUPKOOSCJHTBAH-UHFFFAOYSA-N,Viral DNA pol;Viral RNA pol;Viral RT,DB00495,Inhibition of viral reverse transcriptase,HBOMLICNUCNMMY-XLPZGREQSA-N
CMV,Brincidofovir,483477.0,Maribavir,,In vitro,HFF,Foreskin (Human),PMID: 30153445,Viral DNA pol;Viral RNA pol,DB12151,Viral DNA polymerase inhibitor,CRDDLOITBKEPRN-UQIIZPHYSA-M,,,,
HIV-1,Acyclovir,2022.0,Zidovudine,35370.0,2,Human,-,NCT00000712,Viral DNA pol,DB00787,Viral DNA polymerase inhibitor,MKUXAQIIEYXACX-UHFFFAOYSA-N,Viral DNA pol;Viral RNA pol;Viral RT,DB00495,Inhibition of viral reverse transcriptase,HBOMLICNUCNMMY-XLPZGREQSA-N
MERS-CoV,Alisporivir,11513676.0,Ribavirin,37542.0,In vitro,-,-,PMID: 27840112,Human CYPs,DB12139,0,OLROWHGDTNFZBH-XEMWPYQTSA-N,Viral RNA pol,DB00811,Nucleoside inhibitor;Guanosine (ribonucleic) analog,IWUCXVSUMQZMFG-AFCXAGJDSA-N
HIV-1,Azacitidine,9444.0,Clofarabine,,In vitro,HEK-293T,Kidney (Human),PMID: 27117260,Viral DNA pol;Viral RNA pol;Viral RT,DB00928,Nucleoside analog DNA methyl transferase inhibitor,NMUSYJAQQFHJEW-KVTDHHQDSA-N,,,,
HIV-1,Lamivudine,60825.0,Stavudine,18283.0,3,Human,-,NCT00002371,Viral RT,DB00709,Reverse transcriptase inhibitor and zalcitabine analog,JTEGQNOMFQHVDC-NKWVEPMBSA-N,Viral DNA pol;Viral RT,DB00649,Inhibition of viral reverse transcriptase,XNKLLVCARDGLGL-JGVFFNPUSA-N
HEV,Ribavirin,37542.0,2'-C-methylcytidine,,In vitro,PLC/PRF/5cells,Hepatoma (Human),PMID: 31362004,Viral RNA pol,DB00811,Nucleoside inhibitor;Guanosine (ribonucleic) analog,IWUCXVSUMQZMFG-AFCXAGJDSA-N,,,,
HSV-2,Trifluridine,6256.0,MMUdR,,In vitro,RK-16,Kidney (Rabbit),PMID: 2984988,Viral DNA pol,DB00432,Antimetabolite;Nucleoside analog,VSQQQLOSPVPRAZ-RRKCRQDMSA-N,,,,
HSV-2,Vidarabine,21704.0,5-trifluorothymidine (TFT),,In vitro,Vero cells,Kidney (African Green Monkey),PMID: 6285731,Viral DNA pol;Viral RNA pol,DB00194,Viral DNA synthesis inhibitor,OIRDTQYFTABQOQ-UHTZMRCNSA-N,,,,
HSV-2,Vidarabine,21704.0,Amenamevir,,In vitro,-,-,PMID: 23261844,Viral DNA pol;Viral RNA pol,DB00194,Viral DNA synthesis inhibitor,OIRDTQYFTABQOQ-UHTZMRCNSA-N,,,,
HBV,Resveratrol,445154.0,Entecavir,,2,Human,-,NCT03509688,Human multiple;Viral transcriptional regulator,DB02709,Multiple,LUKBXSAWLPMMSZ-OWOJBTEDSA-N,,,,
CCHFV,Chlorpromazine,2726.0,Ribavirin,37542.0,In vitro,Vero E6;Huh-8,-,PMID: 25796972,Human (multiple),DB00477,Inhibits assembly of clathrin-coated pits at the plasma membrane,ZPEIMTDSQAKGNT-UHFFFAOYSA-N,Viral RNA pol,DB00811,Nucleoside inhibitor;Guanosine (ribonucleic) analog,IWUCXVSUMQZMFG-AFCXAGJDSA-N
HCV,Cyclosporine,5284373.0,Sofosbuvir,45375808.0,In vitro,Huh7.5.1;Con1b cells,-,PMID: 27035622,Human CYPs,DB00091,Calcineurin inhibitor;allows for inhibition of T cell activation,PMATZTZNYRCHOR-CGLBZJNRSA-N,Viral RNA pol,DB08934,Nucleotide analog inhibitor of HCV NS5B RNA-dependent RNA polymerase,TTZHDVOVKQGIBA-IQWMDFIBSA-N
FLUAV,Zanamivir,60855.0,Pimodivir,,In vitro,MDCK cells,Kidney (Dog),PMID: 25547360,Unknown;Viral neuraminidase,DB00558,Neuraminidase inhibitor,ARAIBEBZBOPLMB-UFGQHTETSA-N,,,,
FLUAV,Oseltamivir,65028.0,PUL-042,,In vivo,Mouse,-,PMID: 29066417,Unknown;Viral neuraminidase,DB00198,Viral neuraminidase inhibitor,VSZGPKBBMSAYNT-RRFJBIMHSA-N,,,,
CMV,Cidofovir,60613.0,Ganciclovir,3454.0,In vitro,-,-,PMID: 1337893,Viral DNA pol;Viral RNA pol,DB00369,Viral DNA polymerase inhibitor,FPKARFMSZDBYQF-ILKKLZGPSA-N,Viral DNA pol;Viral RT,DB01004,Viral RNA polymerase inhibitor,IRSCQMHQWWYFCW-UHFFFAOYSA-N
EV71,Gemcitabine,60750.0,Ribavirin,37542.0,In vitro,Vero cells,Kidney (African Green Monkey),PMID: 26526589,Viral DNA pol;Viral RNA pol;Viral RT,DB00441,Antimetabolite;Nucleoside analog,SDUQYLNIPVEERB-QPPQHZFASA-N,Viral RNA pol,DB00811,Nucleoside inhibitor;Guanosine (ribonucleic) analog,IWUCXVSUMQZMFG-AFCXAGJDSA-N
HSV-1,Foscarnet,3415.0,Vidarabine,21704.0,In vitro,Vero cells,Kidney (African Green Monkey),PMID: 6285731,Viral DNA pol;Viral RNA pol;Viral RT,DB00529,Pyrophosphate analog DNA polymerase inhibitor,ZJAOAACCNHFJAH-UHFFFAOYSA-N,Viral DNA pol;Viral RNA pol,DB00194,Viral DNA synthesis inhibitor,OIRDTQYFTABQOQ-UHTZMRCNSA-N
HIV-1,Emtricitabine,60877.0,tenofovir,464205.0,3,Human,,PMID: 32711800,Viral RT,DB00879,viral nucleoside reverse transcritase inhibitor,XQSPYNMVSIKCOC-NTSWFWBYSA-N,Viral DNA pol;Viral RNA pol;Viral RT,DB14126,Nucleotide analog reverse transcriptase inhibitor,SGOIRFVFHAKUTI-ZCFIWIBFSA-N
HSV-2,Foscarnet,3415.0,5-trifluorothymidine (TFT),,In vitro,Vero cells,Kidney (African Green Monkey),PMID: 6285731,Viral DNA pol;Viral RNA pol;Viral RT,DB00529,Pyrophosphate analog DNA polymerase inhibitor,ZJAOAACCNHFJAH-UHFFFAOYSA-N,,,,
HIV-1,Indinavir,5362440.0,Abacavir,,2,Human,-,NCT00002440,Viral protease,DB00224,Protease inhibitor,CBVCZFGXHXORBI-PXQQMZJSSA-N,,,,
HCV,Ribavirin,37542.0,INX-08189,,2,Human,-,NCT01425970,Viral RNA pol,DB00811,Nucleoside inhibitor;Guanosine (ribonucleic) analog,IWUCXVSUMQZMFG-AFCXAGJDSA-N,,,,
HBV,Lamivudine,60825.0,Telbivudine,159269.0,2,Human,-,NCT00124241,Viral RT,DB00709,Reverse transcriptase inhibitor and zalcitabine analog,JTEGQNOMFQHVDC-NKWVEPMBSA-N,Viral DNA pol;Viral RT,DB01265,Viral DNA chain termination,IQFYYKKMVGJFEH-CSMHCCOUSA-N
HBV,Adefovir,60172.0,Clevudine,,4,Human,-,NCT01263002,Viral RT,DB13868,Inhibits viral DNA synthesis,SUPKOOSCJHTBAH-UHFFFAOYSA-N,,,,
CMV,Cidofovir,60613.0,Foscarnet,3415.0,In vitro,-,-,PMID: 1337893,Viral DNA pol;Viral RNA pol,DB00369,Viral DNA polymerase inhibitor,FPKARFMSZDBYQF-ILKKLZGPSA-N,Viral DNA pol;Viral RNA pol;Viral RT,DB00529,Pyrophosphate analog DNA polymerase inhibitor,ZJAOAACCNHFJAH-UHFFFAOYSA-N
HIV-1,Zidovudine,35370.0,Cysteamine,,2,Human,-,NCT00002110,Viral DNA pol;Viral RNA pol;Viral RT,DB00495,Inhibition of viral reverse transcriptase,HBOMLICNUCNMMY-XLPZGREQSA-N,,,,
HSV-1,Brivudine,446727.0,5-trifluorothymidine (TFT),,In vitro,Vero cells,Kidney (African Green Monkey),PMID: 6285731,Viral DNA pol,DB03312,Inhibits viral DNA synthesis,ODZBBRURCPAEIQ-PIXDULNESA-N,,,,
SARS-CoV-2,Amodiaquine,2165.0,artesunate,6917864.0,In vitro,Vero E6 cells,,PMID: 32805422,Human HNMT,DB00613,Methyltransferase inhibitor,OVCDSSHSILBFBN-UHFFFAOYSA-N,Unknown,DB09274,Unclear,FIHJKUPKCHIPAT-AHIGJZGOSA-N
CMV,Ganciclovir,3454.0,Digitoxin,,In vitro,HFFs,Foreskin fibroblasts (Human),PMID: 24277030,Viral DNA pol;Viral RT,DB01004,Viral RNA polymerase inhibitor,IRSCQMHQWWYFCW-UHFFFAOYSA-N,,,,
HIV-1,Didanosine,135398739.0,Stavudine,18283.0,,Human,-,PMID: 10449279;NCT00002207,Viral DNA pol;Viral RT,DB00900,Viral DNA chain termination,BXZVVICBKDXVGW-NKWVEPMBSA-N,Viral DNA pol;Viral RT,DB00649,Inhibition of viral reverse transcriptase,XNKLLVCARDGLGL-JGVFFNPUSA-N
SARS-CoV-2,Chloroquine,2719.0,Remdesivir,121304016.0,In vitro,Vero-E6,Kidney (African Green Monkey),PMID: 32020029,Human (multiple),DB00608,Antimalaria agent;chemo/radio sensitizer,QKICWELGRMTQCR-UHFFFAOYSA-N,Viral RNA pol,DB14761,Viral RNA polymerase inhibitor,RWWYLEGWBNMMLJ-YSOARWBDSA-N
CMV,Foscarnet,3415.0,Maribavir,,In vitro,ARPEp cells,-,PMID: 30040968,Viral DNA pol;Viral RNA pol;Viral RT,DB00529,Pyrophosphate analog DNA polymerase inhibitor,ZJAOAACCNHFJAH-UHFFFAOYSA-N,,,,
EBOV,Amodiaquine,2165.0,Clomiphene,,In vitro,Vero-E6;Huh-7;HEK293T/18,-,PMID: 33801811;PMID: 29939303,Human HNMT,DB00613,Methyltransferase inhibitor,OVCDSSHSILBFBN-UHFFFAOYSA-N,,,,
FLUAV,Diltiazem,39186.0,Oseltamivir,65028.0,In vitro,A549 cells,Human lung epithelial,PMID: 30761132,Human ion channel,DB00343,Viral protease inhibitor,HSUGRBWQSSZJOP-RTWAWAEBSA-N,Unknown;Viral neuraminidase,DB00198,Viral neuraminidase inhibitor,VSZGPKBBMSAYNT-RRFJBIMHSA-N
SARS-CoV-2,Lopinavir,92727.0,Ritonavir,392622.0,4,Human,-,ChiCTR2000029308,Unknown;Viral protease,DB01601,HIV protease inhibitor,KJHKTHWMRKYKJE-SUGCFTRWSA-N,Unknown;Viral protease,DB00503,HIV protease inhibitor,NCDNCNXCDXHOMX-XGKFQTDJSA-N
HCV,Sofosbuvir,45375808.0,2'-C-Methylcytidine,,In vitro,Huh7.5.1;Con1b cells,-,PMID: 27035622,Viral RNA pol,DB08934,Nucleotide analog inhibitor of HCV NS5B RNA-dependent RNA polymerase,TTZHDVOVKQGIBA-IQWMDFIBSA-N,,,,
DENV,Ribavirin,37542.0,INX-08189,,In vitro,HEK 293T;Huh-7,Kidney (Human);Liver (Human),PMID: 25624323,Viral RNA pol,DB00811,Nucleoside inhibitor;Guanosine (ribonucleic) analog,IWUCXVSUMQZMFG-AFCXAGJDSA-N,,,,
CMV,Cidofovir,60613.0,Letermovir,,In vitro,NHDF;MT-6,Dermal Fibroblasts (Human);T cells (Human),PMID: 25779572,Viral DNA pol;Viral RNA pol,DB00369,Viral DNA polymerase inhibitor,FPKARFMSZDBYQF-ILKKLZGPSA-N,,,,
CMV,Ganciclovir,3454.0,Letermovir,,In vitro,NHDF;MT-4,Dermal Fibroblasts (Human);T cells (Human),PMID: 25779572,Viral DNA pol;Viral RT,DB01004,Viral RNA polymerase inhibitor,IRSCQMHQWWYFCW-UHFFFAOYSA-N,,,,
JUNV,Ribavirin,37542.0,Teriflunomide,54684141.0,In vitro,Vero;A549 cells,Kidney (African Green Monkey);Lung (Human),PMID: 29315647,Viral RNA pol,DB00811,Nucleoside inhibitor;Guanosine (ribonucleic) analog,IWUCXVSUMQZMFG-AFCXAGJDSA-N,Human DHODH,DB08880,,UTNUDOFZCWSZMS-YFHOEESVSA-N
HCV,Daclatasvir,25154714.0,INX-08189,,2,Human,-,NCT01425970,Viral NS5A,DB09102,Blocks intracellular viral RNA synthesis,FKRSSPOQAMALKA-CUPIEXAXSA-N,,,,
HBV,Adefovir,60172.0,Tenofovir,464205.0,In vitro,AD38 cell,Human,PMID: 19374144,Viral RT,DB13868,Inhibits viral DNA synthesis,SUPKOOSCJHTBAH-UHFFFAOYSA-N,Viral DNA pol;Viral RNA pol;Viral RT,DB14126,Nucleotide analog reverse transcriptase inhibitor,SGOIRFVFHAKUTI-ZCFIWIBFSA-N
HIV-1,Ritonavir,392622.0,Fosamprenavir,,3,Human,-,NCT00144833,Unknown;Viral protease,DB00503,HIV protease inhibitor,NCDNCNXCDXHOMX-XGKFQTDJSA-N,,,,
CMV,Foscarnet,3415.0,Zidovudine,35370.0,In vitro,-,-,PMID: 1337893,Viral DNA pol;Viral RNA pol;Viral RT,DB00529,Pyrophosphate analog DNA polymerase inhibitor,ZJAOAACCNHFJAH-UHFFFAOYSA-N,Viral DNA pol;Viral RNA pol;Viral RT,DB00495,Inhibition of viral reverse transcriptase,HBOMLICNUCNMMY-XLPZGREQSA-N
HIV-1,Amprenavir,65016.0,Abacavir,,2,Human,-,NCT00002440,Viral protease,DB00701,Protease inhibitor,YMARZQAQMVYCKC-OEMFJLHTSA-N,,,,
CMV,Ganciclovir,3454.0,Didox,,In vitro,MRC-5;ARPE-19,Fibroblast (Human);Epithelial cell (Human),PMID: 23933116,Viral DNA pol;Viral RT,DB01004,Viral RNA polymerase inhibitor,IRSCQMHQWWYFCW-UHFFFAOYSA-N,,,,
CMV,Sunitinib,5329102.0,Ouabain,,In vitro,HFFs,Foreskin fibroblasts (Human),PMID: 24277030,Human PTK,DB01268,Unknown,WINHZLLDWRZWRT-ATVHPVEESA-N,,,,
FLUAV,Oseltamivir,65028.0,Peramivir,,In vivo,Mouse,-,PMID: 20633577,Unknown;Viral neuraminidase,DB00198,Viral neuraminidase inhibitor,VSZGPKBBMSAYNT-RRFJBIMHSA-N,,,,
HCV,Alisporivir,11513676.0,Daclatasvir,25154714.0,In vitro,-,-,PMID: 24687498,Human CYPs,DB12139,0,OLROWHGDTNFZBH-XEMWPYQTSA-N,Viral NS5A,DB09102,Blocks intracellular viral RNA synthesis,FKRSSPOQAMALKA-CUPIEXAXSA-N
FLUAV,Favipiravir,492405.0,Peramivir,,In vivo,Mouse,-,PMID: 24992479,Viral RNA pol,DB12466,Viral RNA polymerase inhibitor,ZCGNOVWYSGBHAU-UHFFFAOYSA-N,,,,
HSV-1,Vidarabine,21704.0,5-trifluorothymidine (TFT),,In vitro,Vero cells,Kidney (African Green Monkey),PMID: 6285731,Viral DNA pol;Viral RNA pol,DB00194,Viral DNA synthesis inhibitor,OIRDTQYFTABQOQ-UHTZMRCNSA-N,,,,
HIV-1,Nelfinavir,64143.0,Abacavir,,2,Human,-,NCT00002440,Unknown;Viral protease,DB00220,HIV protease inhibitor,QAGYKUNXZHXKMR-HKWSIXNMSA-N,,,,
HIV-1,Lamivudine,60825.0,Nevirapine,,,Human,-,NCT03223402,Viral RT,DB00709,Reverse transcriptase inhibitor and zalcitabine analog,JTEGQNOMFQHVDC-NKWVEPMBSA-N,,,,
HCV,Daclatasvir,25154714.0,Simeprevir,24873435.0,2,Human,-,PMID: 26453967;NCT01628692,Viral NS5A,DB09102,Blocks intracellular viral RNA synthesis,FKRSSPOQAMALKA-CUPIEXAXSA-N,Viral protease,DB06290,Recovers host IFN signaling,JTZZSQYMACOLNN-VDWJNHBNSA-N
NoV,Rupintrivir,6440352.0,2'-C-methylcytidine,,In vitro,HG23 cells,Hepatic (Human),PMID: 24890597,Viral protease,DB05102,Prevents viral replication,CAYJBRBGZBCZKO-BHGBQCOSSA-N,,,,
SARS-CoV,Ribavirin,37542.0,9-(N-methyl-L-isoleucine)-cyclosporin A (NIM811),,,-,-,PMID: 23905913,Viral RNA pol,DB00811,Nucleoside inhibitor;Guanosine (ribonucleic) analog,IWUCXVSUMQZMFG-AFCXAGJDSA-N,,,,
HIV-1,Efavirenz,64139.0,Indinavir,5362440.0,,Human,-,NCT00002387,Viral RNA pol;Viral RT,DB00625,Inhibition of viral reverse transcriptase,XPOQHMRABVBWPR-ZDUSSCGKSA-N,Viral protease,DB00224,Protease inhibitor,CBVCZFGXHXORBI-PXQQMZJSSA-N
ZIKV,Merimepodib,153241.0,Ribavirin,37542.0,In vitro,Vero-E6,Kidney (African Green Monkey),PMID: 29126899,Human IMPDH,DB04862,IMPDH inhibitor,JBPUGFODGPKTDW-SFHVURJKSA-N,Viral RNA pol,DB00811,Nucleoside inhibitor;Guanosine (ribonucleic) analog,IWUCXVSUMQZMFG-AFCXAGJDSA-N
FLUAV,Inosine (Inosine pranobex),135449284.0,Rimantadine,5071.0,In vivo,Mouse,-,PMID: 1711269,Viral DNA pol;Viral RNA pol;Viral RT,DB13156,Stimulates cell-mediated immune response,YLDCUKJMEKGGFI-QCSRICIXSA-N,Unknown;Viral ion channel,DB00478,Unknown,UBCHPRBFMUDMNC-UHFFFAOYSA-N
CMV,Artesunate,6917864.0,Foscarnet,3415.0,In vitro,Huh7.5.3,Hepatic (Human),PMID: 26844400,Unknown,DB09274,Unclear,FIHJKUPKCHIPAT-AHIGJZGOSA-N,Viral DNA pol;Viral RNA pol;Viral RT,DB00529,Pyrophosphate analog DNA polymerase inhibitor,ZJAOAACCNHFJAH-UHFFFAOYSA-N
HIV-1,Zidovudine,35370.0,Glycovir,,2,Human,-,NCT00000791,Viral DNA pol;Viral RNA pol;Viral RT,DB00495,Inhibition of viral reverse transcriptase,HBOMLICNUCNMMY-XLPZGREQSA-N,,,,
EBOV,Favipiravir,492405.0,Merimepodib,153241.0,In vitro,Vero-E6,Kidney (African Green Monkey),PMID: 29126899,Viral RNA pol,DB12466,Viral RNA polymerase inhibitor,ZCGNOVWYSGBHAU-UHFFFAOYSA-N,Human IMPDH,DB04862,IMPDH inhibitor,JBPUGFODGPKTDW-SFHVURJKSA-N
HSV-1,Acyclovir,2022.0,Quercetin,5280343.0,In vitro,-,-,PMID: 1339152,Viral DNA pol,DB00787,Viral DNA polymerase inhibitor,MKUXAQIIEYXACX-UHFFFAOYSA-N,Human (multiple),DB04216,Inhibition of entry,REFJWTPEDVJJIY-UHFFFAOYSA-N
SARS-CoV-2,Oseltamivir,65028.0,Ritonavir,392622.0,3,Human,-,NCT04261270,Unknown;Viral neuraminidase,DB00198,Viral neuraminidase inhibitor,VSZGPKBBMSAYNT-RRFJBIMHSA-N,Unknown;Viral protease,DB00503,HIV protease inhibitor,NCDNCNXCDXHOMX-XGKFQTDJSA-N
HSV-1,Docosanol,12620.0,Vidarabine,21704.0,In vitro,-,-,PMID: 12367721,Viral glycoprotein,DB00632,Inhibition of fusion,NOPFSRXAKWQILS-UHFFFAOYSA-N,Viral DNA pol;Viral RNA pol,DB00194,Viral DNA synthesis inhibitor,OIRDTQYFTABQOQ-UHTZMRCNSA-N
EBOV,Fluvastatin,1548972.0,Digitoxin,,In vitro,HEK293T;HeLa;THP-5,-,PMID: 31806372,Human  HMGCR,DB01095,Hydroxymethylglutaryl-coenzyme A (HMG-CoA) reductase inhibitor,FJLGEFLZQAZZCD-JUFISIKESA-N,,,,
FLUAV,Oseltamivir,65028.0,Eucalyptol,,In vivo,Mouse,-,PMID: 27966790,Unknown;Viral neuraminidase,DB00198,Viral neuraminidase inhibitor,VSZGPKBBMSAYNT-RRFJBIMHSA-N,,,,
CMV,Maribavir,,Sirolimus,5284616.0,In vitro,ARPEp cells,-,PMID: 30040968,,,,,Human PTK,DB00877,IL-2-dependent T-cell proliferation inhibitor,QFJCIRLUMZQUOT-HPLJOQBZSA-N
EBOV,Toremifene,3005573.0,Sertraline,,In vitro,Vero-E6;Huh-7;HEK293T/17,-,PMID: 33801811;PMID: 29939303,Human Human ER,DB00539,Estrogen receptor alpha modulator,XFCLJVABOIYOMF-QPLCGJKRSA-N,,,,
HBV,Adefovir,60172.0,Entecavir,,4,Human,-,PMID: 23650173;NCT01023217,Viral RT,DB13868,Inhibits viral DNA synthesis,SUPKOOSCJHTBAH-UHFFFAOYSA-N,,,,
VZV,Penciclovir,135398748.0,Amenamevir,,In vitro,-,-,PMID: 23261844,Viral DNA pol,DB00299,Inhibits viral DNA synthesis,JNTOCHDNEULJHD-UHFFFAOYSA-N,,,,
HBV,Telbivudine,159269.0,Tenofovir,464205.0,3,Human,-,NCT00805675;PMID: 30601336,Viral DNA pol;Viral RT,DB01265,Viral DNA chain termination,IQFYYKKMVGJFEH-CSMHCCOUSA-N,Viral DNA pol;Viral RNA pol;Viral RT,DB14126,Nucleotide analog reverse transcriptase inhibitor,SGOIRFVFHAKUTI-ZCFIWIBFSA-N
SARS-CoV-2,Azithromycin,447043.0,Hydroxychloroquine,3652.0,3,Human,-,PMID: 32205204;DOI : 10.1016/j.ijantimicag.2020.105949,Human (multiple),DB00207,0,MQTOSJVFKKJCRP-BICOPXKESA-N,Human (multiple),DB01611,Unclear,XXSMGPRMXLTPCZ-UHFFFAOYSA-N
FLUAV,Oseltamivir,65028.0,Ribavirin,37542.0,In vitro,MDCK cells,Kidney (Dog),PMID: 19273672,Unknown;Viral neuraminidase,DB00198,Viral neuraminidase inhibitor,VSZGPKBBMSAYNT-RRFJBIMHSA-N,Viral RNA pol,DB00811,Nucleoside inhibitor;Guanosine (ribonucleic) analog,IWUCXVSUMQZMFG-AFCXAGJDSA-N
HCV,Cyclosporine,5284373.0,Daclatasvir,25154714.0,In vitro,Huh7.5.1;Con1b cells,-,PMID: 27035622,Human CYPs,DB00091,Calcineurin inhibitor;allows for inhibition of T cell activation,PMATZTZNYRCHOR-CGLBZJNRSA-N,Viral NS5A,DB09102,Blocks intracellular viral RNA synthesis,FKRSSPOQAMALKA-CUPIEXAXSA-N
CMV,Brincidofovir,483477.0,Letermovir,,In vitro,HFF,Foreskin (Human),PMID: 30153445,Viral DNA pol;Viral RNA pol,DB12151,Viral DNA polymerase inhibitor,CRDDLOITBKEPRN-UQIIZPHYSA-M,,,,
FLUAV,Zanamivir,60855.0,Pyruvaldehyde,,In vitro,MDCK cells,Kidney (Dog),PMID: 25523147,Unknown;Viral neuraminidase,DB00558,Neuraminidase inhibitor,ARAIBEBZBOPLMB-UFGQHTETSA-N,,,,
HSV-2,Acyclovir,2022.0,Docosanol,12620.0,In vitro,-,-,PMID: 12367721,Viral DNA pol,DB00787,Viral DNA polymerase inhibitor,MKUXAQIIEYXACX-UHFFFAOYSA-N,Viral glycoprotein,DB00632,Inhibition of fusion,NOPFSRXAKWQILS-UHFFFAOYSA-N
HIV-1,Lopinavir,92727.0,Ritonavir,392622.0,4,Human,-,NCT00648999,Unknown;Viral protease,DB01601,HIV protease inhibitor,KJHKTHWMRKYKJE-SUGCFTRWSA-N,Unknown;Viral protease,DB00503,HIV protease inhibitor,NCDNCNXCDXHOMX-XGKFQTDJSA-N
FLUAV,Amantadine,2130.0,Ribavirin,37542.0,In vitro,MDCK cells,Kidney (Dog),PMID: 19273672,Viral proton channel,DB00915,Viral DNA chain termination,DKNWSYNQZKUICI-UHFFFAOYSA-N,Viral RNA pol,DB00811,Nucleoside inhibitor;Guanosine (ribonucleic) analog,IWUCXVSUMQZMFG-AFCXAGJDSA-N
FLUAV,Oseltamivir,65028.0,Rimantadine,5071.0,In vivo,Mouse,-,PMID: 22617756;PMID: 17176629,Unknown;Viral neuraminidase,DB00198,Viral neuraminidase inhibitor,VSZGPKBBMSAYNT-RRFJBIMHSA-N,Unknown;Viral ion channel,DB00478,Unknown,UBCHPRBFMUDMNC-UHFFFAOYSA-N
HCV,Daclatasvir,25154714.0,Sanglifehrin B,,In vitro,-,-,PMID: 24687498,Viral NS5A,DB09102,Blocks intracellular viral RNA synthesis,FKRSSPOQAMALKA-CUPIEXAXSA-N,,,,
HSV-2,Acyclovir,2022.0,Quercetin,5280343.0,In vitro,-,-,PMID: 1339152,Viral DNA pol,DB00787,Viral DNA polymerase inhibitor,MKUXAQIIEYXACX-UHFFFAOYSA-N,Human (multiple),DB04216,Inhibition of entry,REFJWTPEDVJJIY-UHFFFAOYSA-N
HSV-1,Foscarnet,3415.0,5-trifluorothymidine (TFT),,In vitro,Vero cells,Kidney (African Green Monkey),PMID: 6285731,Viral DNA pol;Viral RNA pol;Viral RT,DB00529,Pyrophosphate analog DNA polymerase inhibitor,ZJAOAACCNHFJAH-UHFFFAOYSA-N,,,,
CMV,Artesunate,6917864.0,Letermovir,,In vitro,Huh7.5.4,Hepatic (Human),PMID: 26844400,Unknown,DB09274,Unclear,FIHJKUPKCHIPAT-AHIGJZGOSA-N,,,,
EV71,Favipiravir,492405.0,Suramin,5361.0,In vitro,RD;Vero cells,Rhabdomyosarcoma (Human) and Kidney (African Green Monkey),PMID: 27353263,Viral RNA pol,DB12466,Viral RNA polymerase inhibitor,ZCGNOVWYSGBHAU-UHFFFAOYSA-N,Human (multiple);Viral protease,DB04786,Unclear,FIAFUQMPZJWCLV-UHFFFAOYSA-N
HBV,Simvastatin,54454.0,Entecavir,,1,Human,-,NCT00994773,Human  HMGCR,DB00641,HMG CoA reductase inhibitor,RYMZZMVNJRMUDD-HGQWONQESA-N,,,,
HIV-1,Indinavir,5362440.0,Ritonavir,392622.0,2,Human,-,NCT00002361,Viral protease,DB00224,Protease inhibitor,CBVCZFGXHXORBI-PXQQMZJSSA-N,Unknown;Viral protease,DB00503,HIV protease inhibitor,NCDNCNXCDXHOMX-XGKFQTDJSA-N
HIV-1,Atazanavir,148192.0,Raltegravir,,3,Human,-,NCT00874523,Viral protease,DB01072,Protease inhibitor,AXRYRYVKAWYZBR-GASGPIRDSA-N,,,,
HBV,Adefovir,60172.0,Penciclovir,135398748.0,In vitro,PDH (Primary Duck Hepatocytes),Liver (Duck),PMID: 10681317,Viral RT,DB13868,Inhibits viral DNA synthesis,SUPKOOSCJHTBAH-UHFFFAOYSA-N,Viral DNA pol,DB00299,Inhibits viral DNA synthesis,JNTOCHDNEULJHD-UHFFFAOYSA-N
NoV,Mycophenolic acid,446541.0,Ribavirin,37542.0,In vitro,HG23;RAW 264.7;293T cells,-,PMID: 28807916,Human IMPDH,DB01024,Inosine monophosphate dehydrogenase inhibitor,HPNSFSBZBAHARI-RUDMXATFSA-N,Viral RNA pol,DB00811,Nucleoside inhibitor;Guanosine (ribonucleic) analog,IWUCXVSUMQZMFG-AFCXAGJDSA-N
CHIKV,Ribavirin,37542.0,Meclofenamic acid,,In vitro,Mouse,-,PMID: 26794398,Viral RNA pol,DB00811,Nucleoside inhibitor;Guanosine (ribonucleic) analog,IWUCXVSUMQZMFG-AFCXAGJDSA-N,,,,
RVFV,Ribavirin,37542.0,Selenazofurin,,In vitro,Vero-76;Vero-E6;LLC-MK2 cells,Kidney (African Green Monkey),PMID: 6151377,Viral RNA pol,DB00811,Nucleoside inhibitor;Guanosine (ribonucleic) analog,IWUCXVSUMQZMFG-AFCXAGJDSA-N,,,,
FLUAV,Azithromycin,447043.0,Oseltamivir,65028.0,2,Human,-,PMID: 24632748;UMIN000005371,Human (multiple),DB00207,0,MQTOSJVFKKJCRP-BICOPXKESA-N,Unknown;Viral neuraminidase,DB00198,Viral neuraminidase inhibitor,VSZGPKBBMSAYNT-RRFJBIMHSA-N
HCV,Ribavirin,37542.0,Chlorcyclizine,,1,Human,-,PMID: 30711416;NCT02118012,Viral RNA pol,DB00811,Nucleoside inhibitor;Guanosine (ribonucleic) analog,IWUCXVSUMQZMFG-AFCXAGJDSA-N,,,,
HCV,Alisporivir,11513676.0,Ribavirin,37542.0,2,Human,-,NCT02094443,Human CYPs,DB12139,0,OLROWHGDTNFZBH-XEMWPYQTSA-N,Viral RNA pol,DB00811,Nucleoside inhibitor;Guanosine (ribonucleic) analog,IWUCXVSUMQZMFG-AFCXAGJDSA-N
NoV,Ribavirin,37542.0,Tizoxanide,,In vitro,HG23 cells,Human,PMID: 30104275,Viral RNA pol,DB00811,Nucleoside inhibitor;Guanosine (ribonucleic) analog,IWUCXVSUMQZMFG-AFCXAGJDSA-N,,,,
CMV,Ganciclovir,3454.0,Hydroxyurea,,In vitro,MRC-5;ARPE-19,Fibroblast (Human);Epithelial cell (Human),PMID: 23933116,Viral DNA pol;Viral RT,DB01004,Viral RNA polymerase inhibitor,IRSCQMHQWWYFCW-UHFFFAOYSA-N,,,,
CMV,Foscarnet,3415.0,Letermovir,,In vitro,NHDF;MT-5,Dermal Fibroblasts (Human);T cells (Human),PMID: 25779572,Viral DNA pol;Viral RNA pol;Viral RT,DB00529,Pyrophosphate analog DNA polymerase inhibitor,ZJAOAACCNHFJAH-UHFFFAOYSA-N,,,,
NoV,Ribavirin,37542.0,Tacrolimus,,In vitro,HG23;RAW 264.7;293T cells,-,PMID: 28807916,Viral RNA pol,DB00811,Nucleoside inhibitor;Guanosine (ribonucleic) analog,IWUCXVSUMQZMFG-AFCXAGJDSA-N,,,,
FLUAV,Oseltamivir,65028.0,Pimodivir,,2,Human,-,PMID: 30428049;NCT02342249,Unknown;Viral neuraminidase,DB00198,Viral neuraminidase inhibitor,VSZGPKBBMSAYNT-RRFJBIMHSA-N,,,,
HIV-1,Azacitidine,9444.0,Hydroxyurea,,In vitro,HEK-293T,Kidney (Human),PMID: 27117260,Viral DNA pol;Viral RNA pol;Viral RT,DB00928,Nucleoside analog DNA methyl transferase inhibitor,NMUSYJAQQFHJEW-KVTDHHQDSA-N,,,,
HSV-1,Docosanol,12620.0,Trifluridine,6256.0,In vitro,-,-,PMID: 12367721,Viral glycoprotein,DB00632,Inhibition of fusion,NOPFSRXAKWQILS-UHFFFAOYSA-N,Viral DNA pol,DB00432,Antimetabolite;Nucleoside analog,VSQQQLOSPVPRAZ-RRKCRQDMSA-N
HSV-1,Acyclovir,2022.0,Vidarabine,21704.0,In vitro,Vero cells,Kidney (African Green Monkey),PMID: 6285731,Viral DNA pol,DB00787,Viral DNA polymerase inhibitor,MKUXAQIIEYXACX-UHFFFAOYSA-N,Viral DNA pol;Viral RNA pol,DB00194,Viral DNA synthesis inhibitor,OIRDTQYFTABQOQ-UHTZMRCNSA-N
HBV,Adefovir,60172.0,Telbivudine,159269.0,In vitro,HepG2 49-30,Liver (Human),PMID: 23857507;PMID: 15388423,Viral RT,DB13868,Inhibits viral DNA synthesis,SUPKOOSCJHTBAH-UHFFFAOYSA-N,Viral DNA pol;Viral RT,DB01265,Viral DNA chain termination,IQFYYKKMVGJFEH-CSMHCCOUSA-N
HSV-2,Acyclovir,2022.0,Foscarnet,3415.0,In vitro,Vero cells,Kidney (African Green Monkey),PMID: 6285731,Viral DNA pol,DB00787,Viral DNA polymerase inhibitor,MKUXAQIIEYXACX-UHFFFAOYSA-N,Viral DNA pol;Viral RNA pol;Viral RT,DB00529,Pyrophosphate analog DNA polymerase inhibitor,ZJAOAACCNHFJAH-UHFFFAOYSA-N
FLUAV,Favipiravir,492405.0,Baloxavir Acid,,In vitro,ST6-GalI-MDCK cells,,PMID: 33049959,Viral RNA pol,DB12466,Viral RNA polymerase inhibitor,ZCGNOVWYSGBHAU-UHFFFAOYSA-N,,,,
FLUAV,Zanamivir,60855.0,Baloxavir Acid,,In vitro,ST6-GalI-MDCK cells,,PMID: 33049959,Unknown;Viral neuraminidase,DB00558,Neuraminidase inhibitor,ARAIBEBZBOPLMB-UFGQHTETSA-N,,,,
HCV,Daclatasvir,25154714.0,Chlorcyclizine,,In vitro,Huh7.5.1;Con1b cells,-,PMID: 27035622,Viral NS5A,DB09102,Blocks intracellular viral RNA synthesis,FKRSSPOQAMALKA-CUPIEXAXSA-N,,,,
HIV-1,Zidovudine,35370.0,Butyldeoxynojirimycin,,2,Human,-,PMID: 7905523;NCT00001993,Viral DNA pol;Viral RNA pol;Viral RT,DB00495,Inhibition of viral reverse transcriptase,HBOMLICNUCNMMY-XLPZGREQSA-N,,,,
CMV,Cidofovir,60613.0,Maribavir,,In vitro,ARPEp cells,-,PMID: 30040968,Viral DNA pol;Viral RNA pol,DB00369,Viral DNA polymerase inhibitor,FPKARFMSZDBYQF-ILKKLZGPSA-N,,,,
HIV-1,Didanosine,135398739.0,Hydroxyurea,,1,Human,-,PMID: 15597521;NCT00001074,Viral DNA pol;Viral RT,DB00900,Viral DNA chain termination,BXZVVICBKDXVGW-NKWVEPMBSA-N,,,,
HIV-1,Sofosbuvir,45375808.0,Ledipasvir,,3,Human,,PMID: 26196665,Viral RNA pol,DB08934,Nucleotide analog inhibitor of HCV NS5B RNA-dependent RNA polymerase,TTZHDVOVKQGIBA-IQWMDFIBSA-N,,,,
CMV,Letermovir,,Maribavir,,In vitro,ARPEp cells,-,PMID: 30040968,,,,,,,,
HIV-1,Zidovudine,35370.0,Atevirdine,,2,Human,-,NCT00002322,Viral DNA pol;Viral RNA pol;Viral RT,DB00495,Inhibition of viral reverse transcriptase,HBOMLICNUCNMMY-XLPZGREQSA-N,,,,
HSV-2,Foscarnet,3415.0,Vidarabine,21704.0,In vitro,Vero cells,Kidney (African Green Monkey),PMID: 6285731,Viral DNA pol;Viral RNA pol;Viral RT,DB00529,Pyrophosphate analog DNA polymerase inhibitor,ZJAOAACCNHFJAH-UHFFFAOYSA-N,Viral DNA pol;Viral RNA pol,DB00194,Viral DNA synthesis inhibitor,OIRDTQYFTABQOQ-UHTZMRCNSA-N
HBV,Simvastatin,54454.0,Tenofovir,464205.0,1,Human,-,NCT00994773,Human  HMGCR,DB00641,HMG CoA reductase inhibitor,RYMZZMVNJRMUDD-HGQWONQESA-N,Viral DNA pol;Viral RNA pol;Viral RT,DB14126,Nucleotide analog reverse transcriptase inhibitor,SGOIRFVFHAKUTI-ZCFIWIBFSA-N
FLUBV,Ribavirin,37542.0,Selenazofurin,,In vitro,MDCK cells,Kidney (Dog),PMID: 3729336,Viral RNA pol,DB00811,Nucleoside inhibitor;Guanosine (ribonucleic) analog,IWUCXVSUMQZMFG-AFCXAGJDSA-N,,,,
NoV,Nitazoxanide,41684.0,Ribavirin,37542.0,In vitro,HG23 cells,Human,PMID: 30104275,Human pyruvate synthase,DB00507,Pyruvate inhibitor,YQNQNVDNTFHQSW-UHFFFAOYSA-N,Viral RNA pol,DB00811,Nucleoside inhibitor;Guanosine (ribonucleic) analog,IWUCXVSUMQZMFG-AFCXAGJDSA-N
HSV-1,acyclovir,2022.0,Omeprazole,,In vitro,MDCK cells,Kidney (Dog),PMID: 31849920,Viral DNA pol,DB00787,Viral DNA polymerase inhibitor,MKUXAQIIEYXACX-UHFFFAOYSA-N,,,,
EBOV,Amodiaquine,2165.0,Artesunate,6917864.0,,Human,-,PMID: 26735991,Human HNMT,DB00613,Methyltransferase inhibitor,OVCDSSHSILBFBN-UHFFFAOYSA-N,Unknown,DB09274,Unclear,FIHJKUPKCHIPAT-AHIGJZGOSA-N
HSV-1,Trifluridine,6256.0,MMUdR,,In vitro,RK-13,Kidney (Rabbit),PMID: 2984988,Viral DNA pol,DB00432,Antimetabolite;Nucleoside analog,VSQQQLOSPVPRAZ-RRKCRQDMSA-N,,,,
HIV-1,Lamivudine,60825.0,Zidovudine,35370.0,3,Human,-,NCT02181933,Viral RT,DB00709,Reverse transcriptase inhibitor and zalcitabine analog,JTEGQNOMFQHVDC-NKWVEPMBSA-N,Viral DNA pol;Viral RNA pol;Viral RT,DB00495,Inhibition of viral reverse transcriptase,HBOMLICNUCNMMY-XLPZGREQSA-N
HBV,Famciclovir,3324.0,lamivudine,60825.0,2,Human,-,PMID: 12195876;PMID: 10915748,Viral DNA pol,DB00426,Viral DNA Polymerase Inhibitor,GGXKWVWZWMLJEH-UHFFFAOYSA-N,Viral RT,DB00709,Reverse transcriptase inhibitor and zalcitabine analog,JTEGQNOMFQHVDC-NKWVEPMBSA-N
HDV,Ritonavir,392622.0,Lonafarnib,,2,Human,-,NCT02430181,Unknown;Viral protease,DB00503,HIV protease inhibitor,NCDNCNXCDXHOMX-XGKFQTDJSA-N,,,,
CMV,Ganciclovir,3454.0,Digoxin,,In vitro,HFFs,Foreskin fibroblasts (Human),PMID: 24277030,Viral DNA pol;Viral RT,DB01004,Viral RNA polymerase inhibitor,IRSCQMHQWWYFCW-UHFFFAOYSA-N,,,,
FLUAV,Rimantadine,5071.0,Zanamivir,60855.0,In vitro,MDCK cells,Kidney (Dog),PMID: 20943202;PMID: 15561867,Unknown;Viral ion channel,DB00478,Unknown,UBCHPRBFMUDMNC-UHFFFAOYSA-N,Unknown;Viral neuraminidase,DB00558,Neuraminidase inhibitor,ARAIBEBZBOPLMB-UFGQHTETSA-N
HBV,Lamivudine,60825.0,Clevudine,,4,Human,-,NCT00798460,Viral RT,DB00709,Reverse transcriptase inhibitor and zalcitabine analog,JTEGQNOMFQHVDC-NKWVEPMBSA-N,,,,
HEV,Mycophenolic acid,446541.0,Ribavirin,37542.0,In vitro,Huh7,Hepatic (Human),PMID: 24582714,Human IMPDH,DB01024,Inosine monophosphate dehydrogenase inhibitor,HPNSFSBZBAHARI-RUDMXATFSA-N,Viral RNA pol,DB00811,Nucleoside inhibitor;Guanosine (ribonucleic) analog,IWUCXVSUMQZMFG-AFCXAGJDSA-N
FLUAV,Baloxavir,124081896.0,Oseltamivir,65028.0,In vivo,Mouse,-,PMID: 30476172,Viral endonuclease,DB13997,Blocks intracellular viral RNA synthesis,RZVPBGBYGMDSBG-GGAORHGYSA-N,Unknown;Viral neuraminidase,DB00198,Viral neuraminidase inhibitor,VSZGPKBBMSAYNT-RRFJBIMHSA-N
EBOV,Fluvastatin,1548972.0,25-hydroxycholesterol,,In vitro,HEK293T;HeLa;THP-2,-,PMID: 31806372,Human  HMGCR,DB01095,Hydroxymethylglutaryl-coenzyme A (HMG-CoA) reductase inhibitor,FJLGEFLZQAZZCD-JUFISIKESA-N,,,,
HIV-1,Efavirenz,64139.0,Indinavir,5362440.0,,Human,-,NCT00002387,Viral RNA pol;Viral RT,DB00625,Inhibition of viral reverse transcriptase,XPOQHMRABVBWPR-ZDUSSCGKSA-N,Viral protease,DB00224,Protease inhibitor,CBVCZFGXHXORBI-PXQQMZJSSA-N
FLUAV,Oseltamivir,65028.0,Selumetinib,,In vitro,-,-,PMID: 23523553,Unknown;Viral neuraminidase,DB00198,Viral neuraminidase inhibitor,VSZGPKBBMSAYNT-RRFJBIMHSA-N,,,,
EBOV,Tamoxifen,2733526.0,25-hydroxycholesterol,,In vitro,HEK293T;HeLa;THP-1,-,PMID: 31806372,Human (multiple),DB00675,Estrogen receptor antagonist,NKANXQFJJICGDU-QPLCGJKRSA-N,,,,
HSV-2,Foscarnet,3415.0,2-Phenylamino-6-oxo-9-(4-hydroxybutyl)purine (HBPG),,In vivo,Mouse,-,PMID: 20054446,Viral DNA pol;Viral RNA pol;Viral RT,DB00529,Pyrophosphate analog DNA polymerase inhibitor,ZJAOAACCNHFJAH-UHFFFAOYSA-N,,,,
FLUAV,Oseltamivir,65028.0,PD-0325901,,In vitro,-,-,PMID: 23523553,Unknown;Viral neuraminidase,DB00198,Viral neuraminidase inhibitor,VSZGPKBBMSAYNT-RRFJBIMHSA-N,,,,
CHIKV,Suramin,5361.0,EGCG,,In vitro,U2OS;BHK-21 cells,-,PMID: 28760340,Human (multiple);Viral protease,DB04786,Unclear,FIAFUQMPZJWCLV-UHFFFAOYSA-N,,,,
HCV,Sofosbuvir,45375808.0,Vedroprevir,,In vitro,GT1a/b cell lines,-,PMID: 28882564,Viral RNA pol,DB08934,Nucleotide analog inhibitor of HCV NS5B RNA-dependent RNA polymerase,TTZHDVOVKQGIBA-IQWMDFIBSA-N,,,,
SARS-CoV-2,Artesunate,6917864.0,pyronaridine,,In vitro,Vero E6 cells,,PMID: 32805422,Unknown,DB09274,Unclear,FIHJKUPKCHIPAT-AHIGJZGOSA-N,,,,
CMV,Brincidofovir,483477.0,Letermovir,,In vitro,HFF,Foreskin (Human),PMID: 30153445,Viral DNA pol;Viral RNA pol,DB12151,Viral DNA polymerase inhibitor,CRDDLOITBKEPRN-UQIIZPHYSA-M,,,,
YFV,Daclatasvir,25154714.0,Sofosbuvir,45375808.0,In vitro,Vero;Huh-7 cells,Kidney (African Green Monkey);Hepatocyte Carcinoma (Human),PMID: 31594756,Viral NS5A,DB09102,Blocks intracellular viral RNA synthesis,FKRSSPOQAMALKA-CUPIEXAXSA-N,Viral RNA pol,DB08934,Nucleotide analog inhibitor of HCV NS5B RNA-dependent RNA polymerase,TTZHDVOVKQGIBA-IQWMDFIBSA-N
HIV-1,Resveratrol,445154.0,Decitabine,,In vitro,HEK-293T,Kidney (Human),PMID: 27117260,Human multiple;Viral transcriptional regulator,DB02709,Multiple,LUKBXSAWLPMMSZ-OWOJBTEDSA-N,,,,
HCV,Alisporivir,11513676.0,Sofosbuvir,45375808.0,In vitro,-,-,PMID: 24687498,Human CYPs,DB12139,0,OLROWHGDTNFZBH-XEMWPYQTSA-N,Viral RNA pol,DB08934,Nucleotide analog inhibitor of HCV NS5B RNA-dependent RNA polymerase,TTZHDVOVKQGIBA-IQWMDFIBSA-N
HCV,ribavirin,37542.0,Sofosbuvir,45375808.0,2,Human,,PMID: 32531259,Viral RNA pol,DB00811,Nucleoside inhibitor;Guanosine (ribonucleic) analog,IWUCXVSUMQZMFG-AFCXAGJDSA-N,Viral RNA pol,DB08934,Nucleotide analog inhibitor of HCV NS5B RNA-dependent RNA polymerase,TTZHDVOVKQGIBA-IQWMDFIBSA-N
FLUAV,Favipiravir,492405.0,Zanamivir,60855.0,In vitro,MDCK cells,Kidney (Dog),PMID: 24311151,Viral RNA pol,DB12466,Viral RNA polymerase inhibitor,ZCGNOVWYSGBHAU-UHFFFAOYSA-N,Unknown;Viral neuraminidase,DB00558,Neuraminidase inhibitor,ARAIBEBZBOPLMB-UFGQHTETSA-N
HSV-2,Acyclovir,2022.0,Vidarabine,21704.0,In vitro,Vero cells,Kidney (African Green Monkey),PMID: 6285731,Viral DNA pol,DB00787,Viral DNA polymerase inhibitor,MKUXAQIIEYXACX-UHFFFAOYSA-N,Viral DNA pol;Viral RNA pol,DB00194,Viral DNA synthesis inhibitor,OIRDTQYFTABQOQ-UHTZMRCNSA-N
SARS-CoV-2,Amodiaquine,2165.0,Remdesivir,121304016.0,In vitro,Vero-E6 cells,Kidney (African Green Monkey),PMID: 32637956;https://doi.org/10.1101/2020.06.29.178889,Human HNMT,DB00613,Methyltransferase inhibitor,OVCDSSHSILBFBN-UHFFFAOYSA-N,Viral RNA pol,DB14761,Viral RNA polymerase inhibitor,RWWYLEGWBNMMLJ-YSOARWBDSA-N
HCV,Daclatasvir,25154714.0,Asunaprevir,,2,Human,-,PMID: 26683763;NCT01012895,Viral NS5A,DB09102,Blocks intracellular viral RNA synthesis,FKRSSPOQAMALKA-CUPIEXAXSA-N,,,,
EBOV,Artemether,68911.0,Artesunate,6917864.0,,Human,-,PMID: 26735991,Human (multiple),DB06697,Antimalarial,SXYIRMFQILZOAM-HVNFFKDJSA-N,Unknown,DB09274,Unclear,FIHJKUPKCHIPAT-AHIGJZGOSA-N
HBV,Emtricitabine,60877.0,Tenofovir,464205.0,2,Human,-,PMID: 21254162;NCT00298363,Viral RT,DB00879,viral nucleoside reverse transcritase inhibitor,XQSPYNMVSIKCOC-NTSWFWBYSA-N,Viral DNA pol;Viral RNA pol;Viral RT,DB14126,Nucleotide analog reverse transcriptase inhibitor,SGOIRFVFHAKUTI-ZCFIWIBFSA-N
HSV-1,Acyclovir,2022.0,Brivudine,446727.0,In vitro,Vero cells,Kidney (African Green Monkey),PMID: 6285731,Viral DNA pol,DB00787,Viral DNA polymerase inhibitor,MKUXAQIIEYXACX-UHFFFAOYSA-N,Viral DNA pol,DB03312,Inhibits viral DNA synthesis,ODZBBRURCPAEIQ-PIXDULNESA-N
SARS-CoV-2,Amodiaquine,2165.0,umifenovir,131411.0,In vitro,Vero E6 cells,,PMID: 33333292,Human HNMT,DB00613,Methyltransferase inhibitor,OVCDSSHSILBFBN-UHFFFAOYSA-N,Human (multiple),DB13609,Inhibits membrane fusion,KCFYEAOKVJSACF-UHFFFAOYSA-N
HCV,Sofosbuvir,45375808.0,Radalbuvir,,2,Human,-,PMID: 24262278;NCT01260350,Viral RNA pol,DB08934,Nucleotide analog inhibitor of HCV NS5B RNA-dependent RNA polymerase,TTZHDVOVKQGIBA-IQWMDFIBSA-N,,,,
FLUAV,Ribavirin,37542.0,Peramivir,,In vivo,Mouse,-,PMID: 12011541,Viral RNA pol,DB00811,Nucleoside inhibitor;Guanosine (ribonucleic) analog,IWUCXVSUMQZMFG-AFCXAGJDSA-N,,,,
HSV-1,Acyclovir,2022.0,Ribavirin,37542.0,In vitro,Human embryonal skin and muscle fibroblasts,Fibroblast (Human),PMID: 2166426,Viral DNA pol,DB00787,Viral DNA polymerase inhibitor,MKUXAQIIEYXACX-UHFFFAOYSA-N,Viral RNA pol,DB00811,Nucleoside inhibitor;Guanosine (ribonucleic) analog,IWUCXVSUMQZMFG-AFCXAGJDSA-N
HCV,Boceprevir,10324367.0,Chlorcyclizine,,In vitro,Huh7.5.1;Con1b cells,-,PMID: 27035622,Viral protease,DB08873,NS3/4a protease inhibitor,LHHCSNFAOIFYRV-DOVBMPENSA-N,,,,
SARS-CoV-2,Ritonavir,392622.0,Danoprevir,,4,Human,-,NCT04291729,Unknown;Viral protease,DB00503,HIV protease inhibitor,NCDNCNXCDXHOMX-XGKFQTDJSA-N,,,,
SARS-CoV-2,Oseltamivir,65028.0,ASC09F,,3,Human,-,NCT04261270,Unknown;Viral neuraminidase,DB00198,Viral neuraminidase inhibitor,VSZGPKBBMSAYNT-RRFJBIMHSA-N,,,,
YFV,Ribavirin,37542.0,Selenazofurin,,In vitro,Vero-76;Vero-E6;LLC-MK2 cells,Kidney (African Green Monkey),PMID: 6151377,Viral RNA pol,DB00811,Nucleoside inhibitor;Guanosine (ribonucleic) analog,IWUCXVSUMQZMFG-AFCXAGJDSA-N,,,,
EBOV,Genistein,5280961.0,Tyrphostin,,In vitro,HEK-293T,Kidney (Human),PMID: 21947546,Human (multiple),DB01645,Unknown,TZBJGXHYKVUXJN-UHFFFAOYSA-N,,,,
HIV-1,Zalcitabine,24066.0,Zidovudine,35370.0,,Human,-,NCT00002081,Viral DNA pol;Viral RT,DB00943,Viral DNA chain termination,WREGKURFCTUGRC-POYBYMJQSA-N,Viral DNA pol;Viral RNA pol;Viral RT,DB00495,Inhibition of viral reverse transcriptase,HBOMLICNUCNMMY-XLPZGREQSA-N
HBV,Tenofovir,464205.0,Clevudine,,3,Human,-,NCT00823342,Viral DNA pol;Viral RNA pol;Viral RT,DB14126,Nucleotide analog reverse transcriptase inhibitor,SGOIRFVFHAKUTI-ZCFIWIBFSA-N,,,,
CMV,Acyclovir,2022.0,Cidofovir,60613.0,In vitro,-,-,PMID: 1337893,Viral DNA pol,DB00787,Viral DNA polymerase inhibitor,MKUXAQIIEYXACX-UHFFFAOYSA-N,Viral DNA pol;Viral RNA pol,DB00369,Viral DNA polymerase inhibitor,FPKARFMSZDBYQF-ILKKLZGPSA-N
FLUAV,Glycyrrhizin,14982.0,Ribavirin,37542.0,In vivo,Mouse,-,PMID: 26668995,Human TNF,DB13751,0,LPLVUJXQOOQHMX-QWBHMCJMSA-N,Viral RNA pol,DB00811,Nucleoside inhibitor;Guanosine (ribonucleic) analog,IWUCXVSUMQZMFG-AFCXAGJDSA-N
CMV,Cyclosporine,5284373.0,Mycophenolic acid,446541.0,4,Human,-,NCT02328963,Human CYPs,DB00091,Calcineurin inhibitor;allows for inhibition of T cell activation,PMATZTZNYRCHOR-CGLBZJNRSA-N,Human IMPDH,DB01024,Inosine monophosphate dehydrogenase inhibitor,HPNSFSBZBAHARI-RUDMXATFSA-N
HIV-1,Nelfinavir,64143.0,Nevirapine,,1,Human,-,NCT00002381,Unknown;Viral protease,DB00220,HIV protease inhibitor,QAGYKUNXZHXKMR-HKWSIXNMSA-N,,,,
NoV,Cyclosporine,5284373.0,Ribavirin,37542.0,In vitro,HG23;RAW 264.7;293T cells,-,PMID: 28807916,Human CYPs,DB00091,Calcineurin inhibitor;allows for inhibition of T cell activation,PMATZTZNYRCHOR-CGLBZJNRSA-N,Viral RNA pol,DB00811,Nucleoside inhibitor;Guanosine (ribonucleic) analog,IWUCXVSUMQZMFG-AFCXAGJDSA-N
CMV,Maribavir,,GW275175X,,In vitro,ARPEp cells,-,PMID: 30040968,,,,,,,,
EBOV,Favipiravir,492405.0,Ribavirin,37542.0,In vivo,Non-human primate,Macaca fascicularis,PMID: 32135218,Viral RNA pol,DB12466,Viral RNA polymerase inhibitor,ZCGNOVWYSGBHAU-UHFFFAOYSA-N,Viral RNA pol,DB00811,Nucleoside inhibitor;Guanosine (ribonucleic) analog,IWUCXVSUMQZMFG-AFCXAGJDSA-N
FLUAV,Ribavirin,37542.0,Zanamivir,60855.0,In vitro,,,https://journals.sagepub.com/doi/pdf/10.1177/095632029500600205,Viral RNA pol,DB00811,Nucleoside inhibitor;Guanosine (ribonucleic) analog,IWUCXVSUMQZMFG-AFCXAGJDSA-N,Unknown;Viral neuraminidase,DB00558,Neuraminidase inhibitor,ARAIBEBZBOPLMB-UFGQHTETSA-N
CMV,Artesunate,6917864.0,Ganciclovir,3454.0,In vitro,HFFs,Foreskin fibroblasts (Human),PMID: 24277030,Unknown,DB09274,Unclear,FIHJKUPKCHIPAT-AHIGJZGOSA-N,Viral DNA pol;Viral RT,DB01004,Viral RNA polymerase inhibitor,IRSCQMHQWWYFCW-UHFFFAOYSA-N
FLUAV,Oseltamivir,65028.0,a-Tocopherol,,In vivo,Mouse,-,PMID: 27341844,Unknown;Viral neuraminidase,DB00198,Viral neuraminidase inhibitor,VSZGPKBBMSAYNT-RRFJBIMHSA-N,,,,
FLUAV,Ribavirin,37542.0,Umifenovir,,In vitro,-,-,PMID: 16206613,Viral RNA pol,DB00811,Nucleoside inhibitor;Guanosine (ribonucleic) analog,IWUCXVSUMQZMFG-AFCXAGJDSA-N,,,,
SARS-CoV-2,Chloroquine,2719.0,Oseltamivir,65028.0,3,Human,-,NCT04303299,Human (multiple),DB00608,Antimalaria agent;chemo/radio sensitizer,QKICWELGRMTQCR-UHFFFAOYSA-N,Unknown;Viral neuraminidase,DB00198,Viral neuraminidase inhibitor,VSZGPKBBMSAYNT-RRFJBIMHSA-N
FLUAV,Favipiravir,492405.0,Oseltamivir,65028.0,2,Human,-,NCT03394209,Viral RNA pol,DB12466,Viral RNA polymerase inhibitor,ZCGNOVWYSGBHAU-UHFFFAOYSA-N,Unknown;Viral neuraminidase,DB00198,Viral neuraminidase inhibitor,VSZGPKBBMSAYNT-RRFJBIMHSA-N
SARS-CoV-2,Camostat,2536.0,E-64d,,In vitro,Human,-,PMID: 32974166;10.1016/j.cell.2020.02.052,Human protease,DB13729,0,XASIMHXSUQUHLV-UHFFFAOYSA-N,,,,
HSV-2,Cidofovir,60613.0,2-Phenylamino-6-oxo-9-(4-hydroxybutyl)purine (HBPG),,In vivo,Mouse,-,PMID: 20054446,Viral DNA pol;Viral RNA pol,DB00369,Viral DNA polymerase inhibitor,FPKARFMSZDBYQF-ILKKLZGPSA-N,,,,
HSV-1,Quercetin,5280343.0,Edoxudine,,In vitro,-,-,PMID: 6151353,Human (multiple),DB04216,Inhibition of entry,REFJWTPEDVJJIY-UHFFFAOYSA-N,,,,
SARS-CoV-2,hydroxychloroquine,3652.0,Lopinavir,92727.0,In vitro,Vero E6 cells,,PMID: 33333292,Human (multiple),DB01611,Unclear,XXSMGPRMXLTPCZ-UHFFFAOYSA-N,Unknown;Viral protease,DB01601,HIV protease inhibitor,KJHKTHWMRKYKJE-SUGCFTRWSA-N
MERS-CoV,Gemcitabine,60750.0,Saracatinib,10302451.0,In vitro,Huh-7 cells,Hepatocyte Carcinoma (Human),PMID: 29795047,Viral DNA pol;Viral RNA pol;Viral RT,DB00441,Antimetabolite;Nucleoside analog,SDUQYLNIPVEERB-QPPQHZFASA-N,Human PTK,DB11805,Unknown,OUKYUETWWIPKQR-UHFFFAOYSA-N
HSV-1,Valacyclovir,135398742.0,Rapamycin,,In vivo,Mouse,-,PMID: 26374952,Viral DNA pol;Viral RNA pol;Viral RT,DB00577,Inhibits viral DNA synthesis,HDOVUKNUBWVHOX-QMMMGPOBSA-N,,,,
HIV-1,Amprenavir,65016.0,Fosamprenavir,,,Human,,PMID: 15728914,Viral protease,DB00701,Protease inhibitor,YMARZQAQMVYCKC-OEMFJLHTSA-N,,,,
NoV,Cyclosporine,5284373.0,Tacrolimus,,In vitro,HG23;RAW 264.7;293T cells,-,PMID: 28807916,Human CYPs,DB00091,Calcineurin inhibitor;allows for inhibition of T cell activation,PMATZTZNYRCHOR-CGLBZJNRSA-N,,,,
HSV-1,Zidovudine,35370.0,Acemannan,,In vitro,-,-,PMID: 1662957,Viral DNA pol;Viral RNA pol;Viral RT,DB00495,Inhibition of viral reverse transcriptase,HBOMLICNUCNMMY-XLPZGREQSA-N,,,,
VACV,Brincidofovir,483477.0,Tecovirimat,,In vivo,Mouse,-,PMID: 17724153,Viral DNA pol;Viral RNA pol,DB12151,Viral DNA polymerase inhibitor,CRDDLOITBKEPRN-UQIIZPHYSA-M,,,,
FLUAV,Oseltamivir,65028.0,AZD-8330,,In vitro,-,-,PMID: 23523553,Unknown;Viral neuraminidase,DB00198,Viral neuraminidase inhibitor,VSZGPKBBMSAYNT-RRFJBIMHSA-N,,,,
HCV,Cyclosporine,5284373.0,Mycophenolic acid,446541.0,In vitro,-,-,PMID: 17101321,Human CYPs,DB00091,Calcineurin inhibitor;allows for inhibition of T cell activation,PMATZTZNYRCHOR-CGLBZJNRSA-N,Human IMPDH,DB01024,Inosine monophosphate dehydrogenase inhibitor,HPNSFSBZBAHARI-RUDMXATFSA-N
PV,Ribavirin,37542.0,Rupintrivir,6440352.0,In vitro,-,-,PMID: 21466823,Viral RNA pol,DB00811,Nucleoside inhibitor;Guanosine (ribonucleic) analog,IWUCXVSUMQZMFG-AFCXAGJDSA-N,Viral protease,DB05102,Prevents viral replication,CAYJBRBGZBCZKO-BHGBQCOSSA-N
ADV,Brincidofovir,483477.0,Valganciclovir,135413535.0,In vivo,Hamster,-,PMID: 28827083,Viral DNA pol;Viral RNA pol,DB12151,Viral DNA polymerase inhibitor,CRDDLOITBKEPRN-UQIIZPHYSA-M,Viral DNA pol,DB01610,Destabilization of DNA,WPVFJKSGQUFQAP-GKAPJAKFSA-N
CMV,Artesunate,6917864.0,Maribavir,,In vitro,Huh7.5.2,Hepatic (Human),PMID: 26844400,Unknown,DB09274,Unclear,FIHJKUPKCHIPAT-AHIGJZGOSA-N,,,,
CMV,Artesunate,6917864.0,Letermovir,,In vitro,Huh7.5.4,Hepatic (Human),PMID: 26844400,Unknown,DB09274,Unclear,FIHJKUPKCHIPAT-AHIGJZGOSA-N,,,,
HBV,Tenofovir,464205.0,Entecavir,,4,Human,-,NCT01639066,Viral DNA pol;Viral RNA pol;Viral RT,DB14126,Nucleotide analog reverse transcriptase inhibitor,SGOIRFVFHAKUTI-ZCFIWIBFSA-N,,,,
HIV-1,Ritonavir,392622.0,BMS-663068,,2,Human,-,PMID: 26902761;NCT01009814,Unknown;Viral protease,DB00503,HIV protease inhibitor,NCDNCNXCDXHOMX-XGKFQTDJSA-N,,,,
HSV-1,Acyclovir,2022.0,Foscarnet,3415.0,In vitro,Vero cells,Kidney (African Green Monkey),PMID: 6285731,Viral DNA pol,DB00787,Viral DNA polymerase inhibitor,MKUXAQIIEYXACX-UHFFFAOYSA-N,Viral DNA pol;Viral RNA pol;Viral RT,DB00529,Pyrophosphate analog DNA polymerase inhibitor,ZJAOAACCNHFJAH-UHFFFAOYSA-N
HSV-1,Acyclovir,2022.0,Docosanol,12620.0,In vitro,-,-,PMID: 12367721,Viral DNA pol,DB00787,Viral DNA polymerase inhibitor,MKUXAQIIEYXACX-UHFFFAOYSA-N,Viral glycoprotein,DB00632,Inhibition of fusion,NOPFSRXAKWQILS-UHFFFAOYSA-N
CMV,Cidofovir,60613.0,Letermovir,,In vitro,NHDF;MT-6,Dermal Fibroblasts (Human);T cells (Human),PMID: 25779572,Viral DNA pol;Viral RNA pol,DB00369,Viral DNA polymerase inhibitor,FPKARFMSZDBYQF-ILKKLZGPSA-N,,,,
FLUAV,Zanamivir,60855.0,Carrageenan,,In vivo,Mouse,-,PMID: 26053018,Unknown;Viral neuraminidase,DB00558,Neuraminidase inhibitor,ARAIBEBZBOPLMB-UFGQHTETSA-N,,,,
FLUAV,Nitazoxanide,41684.0,Oseltamivir,65028.0,3,Human,-,NCT01610245,Human pyruvate synthase,DB00507,Pyruvate inhibitor,YQNQNVDNTFHQSW-UHFFFAOYSA-N,Unknown;Viral neuraminidase,DB00198,Viral neuraminidase inhibitor,VSZGPKBBMSAYNT-RRFJBIMHSA-N
FLUAV,Oseltamivir,65028.0,Baloxavir Acid,,In vitro,ST6-GalI-MDCK cells,,PMID: 33049959,Unknown;Viral neuraminidase,DB00198,Viral neuraminidase inhibitor,VSZGPKBBMSAYNT-RRFJBIMHSA-N,,,,
SARS-CoV-2,Emodin,3220.0,Toremifene,3005573.0,In vitro,In-silico,-,PMID: 32194980,Human (multiple),DB07715,0,RHMXXJGYXNZAPX-UHFFFAOYSA-N,Human Human ER,DB00539,Estrogen receptor alpha modulator,XFCLJVABOIYOMF-QPLCGJKRSA-N
FLUAV,Oseltamivir,65028.0,Danirixin,,2,Human,-,PMID: 31024969;NCT02469298,Unknown;Viral neuraminidase,DB00198,Viral neuraminidase inhibitor,VSZGPKBBMSAYNT-RRFJBIMHSA-N,,,,
HSV-2,Foscarnet,3415.0,MMUdR,,In vitro,RK-15,Kidney (Rabbit),PMID: 2984988,Viral DNA pol;Viral RNA pol;Viral RT,DB00529,Pyrophosphate analog DNA polymerase inhibitor,ZJAOAACCNHFJAH-UHFFFAOYSA-N,,,,
HSV-1,Brivudine,446727.0,Vidarabine,21704.0,In vitro,Vero cells,Kidney (African Green Monkey),PMID: 6285731,Viral DNA pol,DB03312,Inhibits viral DNA synthesis,ODZBBRURCPAEIQ-PIXDULNESA-N,Viral DNA pol;Viral RNA pol,DB00194,Viral DNA synthesis inhibitor,OIRDTQYFTABQOQ-UHTZMRCNSA-N
CMV,maribavir,,S3i-201,,In vitro,-,-,PMID: 24070820,,,,,,,,
CHIKV,Doxycycline,54671203.0,Ribavirin,37542.0,In vivo,Vero cells,Kidney (African Green Monkey),PMID: 25970853,Unknown,DB00254,0,JBIWCJUYHHGXTC-AKNGSSGZSA-N,Viral RNA pol,DB00811,Nucleoside inhibitor;Guanosine (ribonucleic) analog,IWUCXVSUMQZMFG-AFCXAGJDSA-N
HIV-1,Didanosine,135398739.0,Lentinan,,1,Human,-,PMID: 8721897;NCT00002098,Viral DNA pol;Viral RT,DB00900,Viral DNA chain termination,BXZVVICBKDXVGW-NKWVEPMBSA-N,,,,
FLUAV,Amantadine,2130.0,Umifenovir,131411.0,In vitro,-,-,PMID: 16206613,Viral proton channel,DB00915,Viral DNA chain termination,DKNWSYNQZKUICI-UHFFFAOYSA-N,Human (multiple),DB13609,Inhibits membrane fusion,KCFYEAOKVJSACF-UHFFFAOYSA-N
MERS-CoV,Mycophenolic acid,446541.0,Tioguanine,,In vitro,-,-,PMID: 25542975,Human IMPDH,DB01024,Inosine monophosphate dehydrogenase inhibitor,HPNSFSBZBAHARI-RUDMXATFSA-N,,,,
FLUAV,Oseltamivir,65028.0,Pyruvaldehyde,,In vitro,MDCK cells,Kidney (Dog),PMID: 25523147,Unknown;Viral neuraminidase,DB00198,Viral neuraminidase inhibitor,VSZGPKBBMSAYNT-RRFJBIMHSA-N,,,,
HCV,Boceprevir,10324367.0,Cyclosporine,5284373.0,In vitro,Huh7.5.1;Con1b cells,-,PMID: 27035622,Viral protease,DB08873,NS3/4a protease inhibitor,LHHCSNFAOIFYRV-DOVBMPENSA-N,Human CYPs,DB00091,Calcineurin inhibitor;allows for inhibition of T cell activation,PMATZTZNYRCHOR-CGLBZJNRSA-N
HSV-1,Docosanol,12620.0,Foscarnet,3415.0,In vitro,-,-,PMID: 12367721,Viral glycoprotein,DB00632,Inhibition of fusion,NOPFSRXAKWQILS-UHFFFAOYSA-N,Viral DNA pol;Viral RNA pol;Viral RT,DB00529,Pyrophosphate analog DNA polymerase inhibitor,ZJAOAACCNHFJAH-UHFFFAOYSA-N
CMV,Acyclovir,2022.0,Letermovir,,In vitro,NHDF;MT-7,Dermal Fibroblasts (Human);T cells (Human),PMID: 25779572,Viral DNA pol,DB00787,Viral DNA polymerase inhibitor,MKUXAQIIEYXACX-UHFFFAOYSA-N,,,,
LASV,Genistein,5280961.0,Tyrphostin,,In vitro,HEK-293T,Kidney (Human),PMID: 21947546,Human (multiple),DB01645,Unknown,TZBJGXHYKVUXJN-UHFFFAOYSA-N,,,,
HIV-1,Saquinavir,441243.0,Zalcitabine,24066.0,2,Human,-,PMID: 10682127;NCT00002333,Unknown;Viral protease,DB01232,Protease inhibitor,QWAXKHKRTORLEM-UGJKXSETSA-N,Viral DNA pol;Viral RT,DB00943,Viral DNA chain termination,WREGKURFCTUGRC-POYBYMJQSA-N
HCV,Ribavirin,37542.0,Grazoprevir,,2,Human,-,PMID: 27291249;NCT01716156,Viral RNA pol,DB00811,Nucleoside inhibitor;Guanosine (ribonucleic) analog,IWUCXVSUMQZMFG-AFCXAGJDSA-N,,,,
HSV-2,Brivudine,446727.0,5-trifluorothymidine (TFT),,In vitro,Vero cells,Kidney (African Green Monkey),PMID: 6285731,Viral DNA pol,DB03312,Inhibits viral DNA synthesis,ODZBBRURCPAEIQ-PIXDULNESA-N,,,,
CMV,DFMO,,DHPG,,,,,PMID: 3031202,,,,,,,,
LASV,Favipiravir,492405.0,Ribavirin,37542.0,In vivo,Vero-E6,Kidney (African Green Monkey),PMID: 26531247,Viral RNA pol,DB12466,Viral RNA polymerase inhibitor,ZCGNOVWYSGBHAU-UHFFFAOYSA-N,Viral RNA pol,DB00811,Nucleoside inhibitor;Guanosine (ribonucleic) analog,IWUCXVSUMQZMFG-AFCXAGJDSA-N
CMV,Foscarnet,3415.0,Ganciclovir,3454.0,3,Human,-,NCT00000136,Viral DNA pol;Viral RNA pol;Viral RT,DB00529,Pyrophosphate analog DNA polymerase inhibitor,ZJAOAACCNHFJAH-UHFFFAOYSA-N,Viral DNA pol;Viral RT,DB01004,Viral RNA polymerase inhibitor,IRSCQMHQWWYFCW-UHFFFAOYSA-N
HEV,Ribavirin,37542.0,Silvestrol,11787114.0,In vivo,Huh-7.5,Hepatocellular carcinoma (Human),PMID: 30036559,Viral RNA pol,DB00811,Nucleoside inhibitor;Guanosine (ribonucleic) analog,IWUCXVSUMQZMFG-AFCXAGJDSA-N,Human EIF4A,,RNA helicase inhibitor,GVKXFVCXBFGBCD-QKDMMWSPSA-N
ZIKV,Obatoclax,16681698.0,Saliphenylhalamide,11271117.0,In vitro,RPE cells,Retinal pigment epithelial (Human),PMID: 28049006,Human MCL1,DB12191,Bcl-2 family inhibitor,RFTSSZJZXOSICM-GRSHGNNSSA-N,Human vATPase,,Human vATPase inhibitor,0
VZV,Acyclovir,2022.0,Docosanol,12620.0,In vitro,-,-,PMID: 12367721,Viral DNA pol,DB00787,Viral DNA polymerase inhibitor,MKUXAQIIEYXACX-UHFFFAOYSA-N,Viral glycoprotein,DB00632,Inhibition of fusion,NOPFSRXAKWQILS-UHFFFAOYSA-N
FLUAV,Ribavirin,37542.0,Baloxavir,,In vitro,ST6-GalI-MDCK cells,,PMID: 33049959,Viral RNA pol,DB00811,Nucleoside inhibitor;Guanosine (ribonucleic) analog,IWUCXVSUMQZMFG-AFCXAGJDSA-N,,,,
HSV-1,Brivudine,446727.0,Foscarnet,3415.0,In vitro,Vero cells,Kidney (African Green Monkey),PMID: 6285731,Viral DNA pol,DB03312,Inhibits viral DNA synthesis,ODZBBRURCPAEIQ-PIXDULNESA-N,Viral DNA pol;Viral RNA pol;Viral RT,DB00529,Pyrophosphate analog DNA polymerase inhibitor,ZJAOAACCNHFJAH-UHFFFAOYSA-N
JUNV,Merimepodib,153241.0,Ribavirin,37542.0,In vitro,Vero-E6,Kidney (African Green Monkey),PMID: 29126899,Human IMPDH,DB04862,IMPDH inhibitor,JBPUGFODGPKTDW-SFHVURJKSA-N,Viral RNA pol,DB00811,Nucleoside inhibitor;Guanosine (ribonucleic) analog,IWUCXVSUMQZMFG-AFCXAGJDSA-N
HSV-1,Cidofovir,60613.0,Aphidicolin,,In vitro,Vero;HFF cells,Kidney (African Green Monkey);Foreskin fibroblasts (Human),PMID: 12087926,Viral DNA pol;Viral RNA pol,DB00369,Viral DNA polymerase inhibitor,FPKARFMSZDBYQF-ILKKLZGPSA-N,,,,
FLUBV,Oseltamivir,65028.0,PUL-042,,In vivo,Mouse,-,PMID: 29066417,Unknown;Viral neuraminidase,DB00198,Viral neuraminidase inhibitor,VSZGPKBBMSAYNT-RRFJBIMHSA-N,,,,
HIV-1,Indinavir,5362440.0,L-756423,,2,Human,-,NCT00002452,Viral protease,DB00224,Protease inhibitor,CBVCZFGXHXORBI-PXQQMZJSSA-N,,,,
HBV,Tenofovir,464205.0,Vesatolimod,46241268.0,2,Human,-,PMID: 29851204;NCT02579382,Viral DNA pol;Viral RNA pol;Viral RT,DB14126,Nucleotide analog reverse transcriptase inhibitor,SGOIRFVFHAKUTI-ZCFIWIBFSA-N,Human TLR7,DB12687,Stimulates cell-mediated immune response,VFOKSTCIRGDTBR-UHFFFAOYSA-N
HSV-2,Penciclovir,135398748.0,Amenamevir,,In vitro,-,-,PMID: 23261844,Viral DNA pol,DB00299,Inhibits viral DNA synthesis,JNTOCHDNEULJHD-UHFFFAOYSA-N,,,,
FLUAV,Emetine,10219.0,Obatoclax,16681698.0,In vitro,RPE cells,Retinal pigment epithelial (Human),PMID: 31635418,Human ribosome,DB13393,0,AUVVAXYIELKVAI-CKBKHPSWSA-N,Human MCL1,DB12191,Bcl-2 family inhibitor,RFTSSZJZXOSICM-GRSHGNNSSA-N
FLUAV,Gemcitabine,60750.0,Pimodivir,,In vitro,Primary human macrophages,Macrophages (Human),PMID: 27451344,Viral DNA pol;Viral RNA pol;Viral RT,DB00441,Antimetabolite;Nucleoside analog,SDUQYLNIPVEERB-QPPQHZFASA-N,,,,
HCV,Sofosbuvir,45375808.0,KW-136,,2,Human,-,NCT03416491,Viral RNA pol,DB08934,Nucleotide analog inhibitor of HCV NS5B RNA-dependent RNA polymerase,TTZHDVOVKQGIBA-IQWMDFIBSA-N,,,,
HIV-1,Dapivirine,214347.0,Tenofovir,464205.0,In vitro,TZM-bl;PBMCs,Cervical (Human);Blood (Human),PMID: 21633286,Unknown;Viral RT,DB08639,Non-nucleoside reverse transcriptase inhibitor,ILAYIAGXTHKHNT-UHFFFAOYSA-N,Viral DNA pol;Viral RNA pol;Viral RT,DB14126,Nucleotide analog reverse transcriptase inhibitor,SGOIRFVFHAKUTI-ZCFIWIBFSA-N
CMV,Cidofovir,60613.0,Zidovudine,35370.0,In vitro,-,-,PMID: 1337893,Viral DNA pol;Viral RNA pol,DB00369,Viral DNA polymerase inhibitor,FPKARFMSZDBYQF-ILKKLZGPSA-N,Viral DNA pol;Viral RNA pol;Viral RT,DB00495,Inhibition of viral reverse transcriptase,HBOMLICNUCNMMY-XLPZGREQSA-N
FLUAV,Oseltamivir,65028.0,Fenofibrate,,In vivo,Mouse,-,PMID: 25274854,Unknown;Viral neuraminidase,DB00198,Viral neuraminidase inhibitor,VSZGPKBBMSAYNT-RRFJBIMHSA-N,,,,
HCV,Alisporivir,11513676.0,Mericitabine,,In vitro,-,-,PMID: 24687498,Human CYPs,DB12139,0,OLROWHGDTNFZBH-XEMWPYQTSA-N,,,,
BKV,Leflunomide,3899.0,Sirolimus,5284616.0,In vitro,CCD1103;CCD1105 and human primary tubular epithelial cells,Human,PMID: 21079551,Human DHODH,DB01097,Pyrimidine synthesis inhibitor,VHOGYURTWQBHIL-UHFFFAOYSA-N,Human PTK,DB00877,IL-2-dependent T-cell proliferation inhibitor,QFJCIRLUMZQUOT-HPLJOQBZSA-N
CMV,Letermovir,,Maribavir,,In vitro,ARPEp cells,-,PMID: 30040968,,,,,,,,
HHV-6,Cidofovir,60613.0,Foscarnet,3415.0,,Human,-,PMID: 17516391,Viral DNA pol;Viral RNA pol,DB00369,Viral DNA polymerase inhibitor,FPKARFMSZDBYQF-ILKKLZGPSA-N,Viral DNA pol;Viral RNA pol;Viral RT,DB00529,Pyrophosphate analog DNA polymerase inhibitor,ZJAOAACCNHFJAH-UHFFFAOYSA-N
HSV-2,Brivudine,446727.0,Vidarabine,21704.0,In vitro,Vero cells,Kidney (African Green Monkey),PMID: 6285731,Viral DNA pol,DB03312,Inhibits viral DNA synthesis,ODZBBRURCPAEIQ-PIXDULNESA-N,Viral DNA pol;Viral RNA pol,DB00194,Viral DNA synthesis inhibitor,OIRDTQYFTABQOQ-UHTZMRCNSA-N
hPIV-3,Suramin,5361.0,Zanamivir,60855.0,In vitro,LLC-MK2,Epithelial cells (Rhesus Monkey),PMID: 27053240,Human (multiple);Viral protease,DB04786,Unclear,FIAFUQMPZJWCLV-UHFFFAOYSA-N,Unknown;Viral neuraminidase,DB00558,Neuraminidase inhibitor,ARAIBEBZBOPLMB-UFGQHTETSA-N
SARS-CoV-2,Ritonavir,392622.0,Pinavir,,,Human,-,ChiCTR2000030218,Unknown;Viral protease,DB00503,HIV protease inhibitor,NCDNCNXCDXHOMX-XGKFQTDJSA-N,,,,
CMV,Acyclovir,2022.0,Foscarnet,3415.0,In vitro,HEL,Embryonic Lung Fibroblasts (Human),PMID: 6179416,Viral DNA pol,DB00787,Viral DNA polymerase inhibitor,MKUXAQIIEYXACX-UHFFFAOYSA-N,Viral DNA pol;Viral RNA pol;Viral RT,DB00529,Pyrophosphate analog DNA polymerase inhibitor,ZJAOAACCNHFJAH-UHFFFAOYSA-N
HSV-2,Foscarnet,3415.0,Ganciclovir,3454.0,In vivo,Mouse,-,PMID: 2559657,Viral DNA pol;Viral RNA pol;Viral RT,DB00529,Pyrophosphate analog DNA polymerase inhibitor,ZJAOAACCNHFJAH-UHFFFAOYSA-N,Viral DNA pol;Viral RT,DB01004,Viral RNA polymerase inhibitor,IRSCQMHQWWYFCW-UHFFFAOYSA-N
JEV,Ribavirin,37542.0,Tiazofurin,,In vitro,Vero-76;Vero-E6;LLC-MK2 cells,Kidney (African Green Monkey),PMID: 6151377,Viral RNA pol,DB00811,Nucleoside inhibitor;Guanosine (ribonucleic) analog,IWUCXVSUMQZMFG-AFCXAGJDSA-N,,,,
HSV-2,Vidarabine,21704.0,2'-fluoro-5-methylarauracil (FMAU),,In vivo,Mouse,-,PMID: 3777913,Viral DNA pol;Viral RNA pol,DB00194,Viral DNA synthesis inhibitor,OIRDTQYFTABQOQ-UHTZMRCNSA-N,,,,
FLUAV,Rimantadine,5071.0,Peramivir,,In vitro,MDCK cells,Kidney (Dog),PMID: 20943201;PMID: 15561867,Unknown;Viral ion channel,DB00478,Unknown,UBCHPRBFMUDMNC-UHFFFAOYSA-N,,,,
CMV,Artesunate,6917864.0,Cidofovir,60613.0,In vitro,Huh7.5.1,Hepatic (Human),PMID: 26844400,Unknown,DB09274,Unclear,FIHJKUPKCHIPAT-AHIGJZGOSA-N,Viral DNA pol;Viral RNA pol,DB00369,Viral DNA polymerase inhibitor,FPKARFMSZDBYQF-ILKKLZGPSA-N
HCV,Alisporivir,11513676.0,Boceprevir,10324367.0,In vitro,-,-,PMID: 24687498,Human CYPs,DB12139,0,OLROWHGDTNFZBH-XEMWPYQTSA-N,Viral protease,DB08873,NS3/4a protease inhibitor,LHHCSNFAOIFYRV-DOVBMPENSA-N
HSV-2,acyclovir,2022.0,Omeprazole,,In vitro,MDCK cells,Kidney (Dog),PMID: 31849920,Viral DNA pol,DB00787,Viral DNA polymerase inhibitor,MKUXAQIIEYXACX-UHFFFAOYSA-N,,,,
HSV-1,Docosanol,12620.0,ribavirin,37542.0,In vitro,-,-,PMID: 12367721,Viral glycoprotein,DB00632,Inhibition of fusion,NOPFSRXAKWQILS-UHFFFAOYSA-N,Viral RNA pol,DB00811,Nucleoside inhibitor;Guanosine (ribonucleic) analog,IWUCXVSUMQZMFG-AFCXAGJDSA-N
HCV,Daclatasvir,25154714.0,Sofosbuvir,45375808.0,3,Human,-,PMID: 25614962;NCT02032901,Viral NS5A,DB09102,Blocks intracellular viral RNA synthesis,FKRSSPOQAMALKA-CUPIEXAXSA-N,Viral RNA pol,DB08934,Nucleotide analog inhibitor of HCV NS5B RNA-dependent RNA polymerase,TTZHDVOVKQGIBA-IQWMDFIBSA-N
HIV-1,Didanosine,135398739.0,Timunox,,3,Human,-,NCT00002109,Viral DNA pol;Viral RT,DB00900,Viral DNA chain termination,BXZVVICBKDXVGW-NKWVEPMBSA-N,,,,
HSV-1,Foscarnet,3415.0,(22S;23S)-3beta-bromo-5alpha;22;23-trihydroxystigmastan-6-one,,In vitro,-,-,PMID: 16340198,Viral DNA pol;Viral RNA pol;Viral RT,DB00529,Pyrophosphate analog DNA polymerase inhibitor,ZJAOAACCNHFJAH-UHFFFAOYSA-N,,,,
HSV-1,Indomethacin,3715.0,Dinoprostone,,In vitro,Raji;Raji-HSV,Hematopoietic (Human),PMID: 1964373,Human COX,DB00328,Cyclo-oxygenase (COX) enzyme or prostaglandin G/H synthase inhibitor,CGIGDMFJXJATDK-UHFFFAOYSA-N,,,,
CCHFV,Chloroquine,2719.0,Ribavirin,37542.0,In vitro,Vero E6;Huh-7,-,PMID: 25796972,Human (multiple),DB00608,Antimalaria agent;chemo/radio sensitizer,QKICWELGRMTQCR-UHFFFAOYSA-N,Viral RNA pol,DB00811,Nucleoside inhibitor;Guanosine (ribonucleic) analog,IWUCXVSUMQZMFG-AFCXAGJDSA-N
FLUAV,Oseltamivir,65028.0,Diphyllin,,In vitro,MDCK cells,Kidney (Dog),PMID: 23820269,Unknown;Viral neuraminidase,DB00198,Viral neuraminidase inhibitor,VSZGPKBBMSAYNT-RRFJBIMHSA-N,,,,
HIV-1,Zidovudine,35370.0,Amdoxovir,,2,Human,-,PMID: 20386073;NCT00432016,Viral DNA pol;Viral RNA pol;Viral RT,DB00495,Inhibition of viral reverse transcriptase,HBOMLICNUCNMMY-XLPZGREQSA-N,,,,
